point_id,coarse_gap,coarse_k,local_gap,local_k,local_gap_error,status
125,0.10159475917446938,0.1235156086026756,0.10159449655077356,0.12403454216514342,2.626236958180872e-07,ok
126,0.009565149424145198,-0.028385574647819836,0.009564411863618838,-0.027870208300082577,7.375605263603563e-07,ok
137,0.007923233436545213,0.06521010392066723,0.00792306361423494,0.06479738237902755,1.6982231027320993e-07,ok
169,0.009998850909827389,-0.14653093939820522,0.009998363157600328,-0.14725590722960735,4.877522270605589e-07,ok
298,0.07913000800486301,-1.940192386063147,0.07912984491211707,-1.9400020676142065,1.6309274594727974e-07,ok
336,0.008357921507170839,0.02378250848871391,0.00835632355071964,0.024492268059630007,1.5979564511985067e-06,ok
357,0.32279852051345503,0.3766842473535014,0.3227984137555083,0.3764235476387623,1.0675794676062722e-07,ok
362,0.3196995611138765,0.34753149501249725,0.31969886258694724,0.34824621691820745,6.985269292436591e-07,ok
420,0.023713570956082192,0.06674445930703587,0.0237135199139019,0.0669354218948377,5.1042180291421824e-08,ok
480,0.2725688081634382,0.3275848749897049,0.27256880618894536,0.3276227100195097,1.9744928470011303e-09,ok
515,7.535750168148205e-05,1.9616733614723079,1.1649254235197455e-08,1.9617635313968123,7.534585242724685e-05,ok
531,0.004209817793235695,0.06214139314792994,0.004209784605595501,0.06195293908188404,3.3187640194158596e-08,ok
534,4.650354493955572e-06,-1.8788181706084013,1.8597102850321087e-11,-1.87885390660275,4.6503358968527216e-06,ok
550,0.004737293367935627,1.897230435244825,0.004737246172878397,1.8971294719579905,4.719505723033146e-08,ok
558,0.025665034438371467,-0.09129414548893414,0.025664753004599954,-0.09178289990176847,2.814337715130455e-07,ok
571,0.03084380670387198,0.16954627019373483,0.030843744218349983,0.16975149175857673,6.248552199619728e-08,ok
574,2.3788009035372754e-05,-1.9248488321994606,4.661571880474244e-09,-1.9249166902176686,2.378334746349228e-05,ok
576,0.1265804031629735,0.14653093939820522,0.12658035654924885,0.1467547204907631,4.661372465797342e-08,ok
590,0.005294665151064123,0.017645086943239345,0.005294651542559159,0.01758776513572924,1.3608504963527612e-08,ok
591,0.0065013697374601805,0.020713797715976628,0.006499369222709816,0.019953481098365256,2.000514750364127e-06,ok
596,0.00217416759003249,0.01150766539776478,0.002172016363422977,0.01085134594306325,2.151226609512988e-06,ok
602,0.00803140410498843,0.06521010392066723,0.00803136247270427,0.06501429817947457,4.163228416002862e-08,ok
664,1.155324584531311e-05,-0.24012661796669235,1.6115604555641266e-10,-0.24018722356558975,1.1553084689267554e-05,ok
672,0.5065637241767549,-0.42578361971729795,0.506563642255839,-0.42553734407098176,8.192091582870376e-08,ok
681,9.87353168572828e-05,1.9632077168586766,5.3931578155147994e-11,1.9633271705245825,9.873526292570464e-05,ok
686,0.01795427449222007,-0.042194773125137607,0.017953803542434713,-0.04269204305404628,4.7094978535694443e-07,ok
693,0.00012414648142886373,-1.811306533608181,2.702055000956839e-09,-1.811090448552555,0.0001241437793738628,ok
704,0.5284054278558034,-0.43192104126277253,0.528405396314008,-0.4317669905992956,3.1541795397771466e-08,ok
718,0.001250064384227377,-0.003835888465921573,0.001245123611778365,-0.00439711948845023,4.940772449012025e-06,ok
737,0.4080240168871037,-0.3337222965351795,0.40802384224097243,-0.33331616690588506,1.7464613127904371e-07,ok
744,0.00015618992214659638,-1.8404592859491853,2.770783903999337e-09,-1.8407117200109124,0.0001561871513626924,ok
771,0.025255708766660293,0.05753832698882402,0.025255706997513325,0.05750415330219605,1.7691469678116079e-09,ok
802,0.3519024286927001,0.2907603457168575,0.3519022243944888,0.29030037231286787,2.042982112926417e-07,ok
810,3.608344370171232e-05,-0.28922599033048885,4.3618750494996076e-10,-0.2893020749566766,3.608300751420737e-05,ok
827,0.02270960319589727,-0.04986655005698081,0.02270960204293892,-0.04989220481721013,1.1529583503200325e-09,ok
832,0.1002327144875231,-0.2677450149213279,0.10023266346903803,-0.2675282556988705,5.101848507549356e-08,ok
842,0.35434176080355867,-0.38895909044445054,0.3543411960445914,-0.38835567745757427,5.647589672586051e-07,ok
868,0.09335621925717803,-0.4119744212399802,0.09335461253936664,-0.4114078331963227,1.6067178113948755e-06,ok
873,0.025662566115057725,-0.0529352608297181,0.02566198763872108,-0.05353124749525984,5.784763366448176e-07,ok
885,0.3639783822475814,-0.4150431320127175,0.363978020491842,-0.41458738488934443,3.6175573936425565e-07,ok
888,0.028776387179612284,0.05753832698882402,0.02877638668236677,0.05755623097483831,4.972455155960454e-10,ok
891,0.0336764380718292,-2.4004990019737393,0.033671625101386826,-2.4011405857362664,4.8129704423721664e-06,ok
907,0.03175393190073736,2.1212463216546467,0.03175256497179978,2.121620145274216,1.366928937582279e-06,ok
913,0.02200984878463653,0.07748494701161636,0.022009510297532855,0.07801077930295985,3.3848710367587187e-07,ok
917,0.28433866285755677,-0.26314194876222197,0.28433818058071336,-0.2624396319250861,4.822768434054048e-07,ok
918,0.28403124468150076,-0.28462292417138296,0.28403073715373084,-0.28530590692385527,5.075277699218006e-07,ok
929,0.14049350098962896,0.19563031176200174,0.14049348855305807,0.1955214986398679,1.2436570884233333e-08,ok
962,0.40193067512243086,-0.3245161642169676,0.40193013536153316,-0.3252401593946521,5.397608976998036e-07,ok
963,0.3586167833124368,0.37821860273987007,0.35861634638335066,0.3787655793815232,4.3692908613390813e-07,ok
965,0.022608119886491918,-0.0606070377615613,0.022608069696458257,-0.06079459425113054,5.019003366038555e-08,ok
968,0.0029961068030575936,-0.009973310011396138,0.002995318353617508,-0.010307797967498367,7.884494400856729e-07,ok
970,0.3869173336280648,-0.31377567651238714,0.38691731864538004,-0.3136535680695478,1.498268475952358e-08,ok
975,0.01552080504907971,0.06214139314792994,0.015520626295980559,0.06250521821811938,1.78753099150733e-07,ok
1023,0.048934694034893984,-0.16801191480736619,0.048934600830298526,-0.16774735773235383,9.320459545825166e-08,ok
1030,0.12879377826339572,-0.18488982405742124,0.12879343372269103,-0.18431468587639088,3.4454070468870057e-07,ok
1039,0.0006395009495706427,0.0023015330795529317,0.0006300300286306064,0.0017959809110488223,9.470920940036283e-06,ok
1050,7.274180851537775e-05,0.18028675789831533,4.2887474844173716e-10,0.18015168356487576,7.27413796406293e-05,ok
1076,0.028342784986751215,-0.08975979010256549,0.028342771169234816,-0.08986657138672438,1.3817516398423324e-08,ok
1077,0.39173033682565256,-0.42271490894456065,0.39173032390025125,-0.42280206552242605,1.2925401304819673e-08,ok
1081,0.00014369516296642743,-1.9708794937905199,3.73313983202753e-09,-1.9707154914224043,0.0001436914298265954,ok
1092,0.0019791598368835784,1.901833501403931,0.0019791527777134545,1.901801513514604,7.059170123880493e-09,ok
1111,0.29832262023054035,-0.2524014610576415,0.29832257779434707,-0.25261797382389206,4.243619328159198e-08,ok
1151,0.011804827030605708,0.028385574647819836,0.011804031722224589,0.02892008645766042,7.953083811188671e-07,ok
1156,0.34797807140341186,-0.4119744212399802,0.3479771725221034,-0.41126383928820065,8.988813084420677e-07,ok
1165,0.3085991281561399,-1.841993641335554,0.3085989095212844,-1.8416851144980206,2.1863485549777906e-07,ok
1173,0.0007967419046306084,1.901833501403931,0.0007948827632122827,1.9012744379566726,1.859141418325723e-06,ok
1174,0.08669485701212981,-1.904902212176668,0.0866947763284882,-1.9050346146742174,8.06836416150647e-08,ok
1180,0.4919963115661989,0.41964619817182336,0.49199600656864195,0.42012054223105455,3.0499755693247366e-07,ok
1191,0.02205914591315479,0.04679783928424353,0.02205879864253591,0.04723411973269709,3.4727061887923627e-07,ok
1240,0.0303232767223443,0.05907268237519266,0.030322878406432507,0.05958462237758155,3.9831591179192993e-07,ok
1245,0.02125990329015457,-0.07134752546614179,0.021259604311208345,-0.07182487570012652,2.9897894622543664e-07,ok
1252,0.04219980951914388,0.2278517748757432,0.04219962790791374,0.22825487994237026,1.8161123013782365e-07,ok
1254,4.32740718041084e-05,-0.20790515485295086,3.423000455391962e-10,-0.20771803529761268,4.327372950406286e-05,ok
1272,0.0008657408000259954,0.0023015330795529317,0.0008653300497167361,0.002415314231243304,4.107503092592264e-07,ok
1282,0.4784688056970242,-0.3950965119899251,0.47846824916605885,-0.3957657434410926,5.565309653676742e-07,ok
1290,0.005719791335313964,0.06981317007977315,0.005719345482974081,0.07048944192017759,4.458523398835276e-07,ok
1314,0.0004471364449291184,-1.8205126659263928,4.82233209813641e-09,-1.821232892244496,0.00044713162259702024,ok
1319,0.011770891139045251,0.028385574647819836,0.011770847625668646,0.028510070177941493,4.351337660503385e-08,ok
1322,0.00023742325309923415,1.8450623521082912,2.5630372288376377e-09,1.8456552647058597,0.0002374206900620053,ok
1351,0.07178242187026122,0.21404257639842544,0.07178171680820374,0.21335807265405915,7.050620574877708e-07,ok
1368,0.5137417948043507,0.42885233049003524,0.5137417946329506,0.42884106190025095,1.7140011632221785e-10,ok
1381,0.02670502708742531,0.41657748739908607,0.026703238447501103,0.4169845560356076,1.7886399242064699e-06,ok
1409,0.07837357271739892,1.91410834449488,0.07837271637952652,1.914523247743384,8.563378724041337e-07,ok
1428,0.0001728999143250727,-1.8680776829038208,3.6667754249066103e-09,-1.8675183454551336,0.0001728962475496478,ok
1432,0.022735723394807106,2.394361580428265,0.02272906628027212,2.3949990857479575,6.657114534985853e-06,ok
1433,6.91261250455596e-05,0.1971646671483704,6.822472021452696e-10,0.19696518820733022,6.912544279835746e-05,ok
1460,0.006685440211948133,-0.05446961621608674,0.006685128217026519,-0.053946340792962566,3.119949216132123e-07,ok
1478,0.39539870396711757,0.43192104126277253,0.39539800428587524,0.43129130145782035,6.996812423332166e-07,ok
1479,0.3256080559161764,-0.2968977672623321,0.32560801734556294,-0.2970894992700157,3.8570613480892746e-08,ok
1497,0.00021077681427232584,0.06827881469340451,4.165675148424309e-11,0.0676959421765666,0.00021077677261557436,ok
1504,0.020319617070441144,-0.05907268237519266,0.020319198680308456,-0.05854968764641244,4.183901326886008e-07,ok
1520,0.1377574948379973,-0.39969957814903107,0.13775606842430785,-0.4003423770914152,1.4264136894426294e-06,ok
1521,4.1359208004385846e-05,0.23245484103484915,4.871232826009152e-10,0.23259339759558983,4.1358720881103244e-05,ok
1523,0.0008877701070526089,0.04679783928424353,0.0008877434415674263,0.04659027801446136,2.6665485182669584e-08,ok
1536,0.0004030833833131926,1.7990316905172319,1.4950755520917565e-09,1.7996380685390108,0.0004030818882376405,ok
1553,0.08670892273809233,-1.940192386063147,0.08670820447120767,-1.9406156827183647,7.182668846639206e-07,ok
1557,0.4480615210192298,-0.4089057104672429,0.44806113072375214,-0.4083776834033306,3.9029547765911943e-07,ok
1561,0.08238261471939247,0.2232487087166373,0.08238256064753517,0.2230262128063214,5.407185729722208e-08,ok
1571,8.589097586056612e-05,1.9325206091313036,3.2214271685607013e-09,1.9327218079218458,8.588775443339756e-05,ok
1582,0.21353363324532312,-0.2646763041485906,0.21353362460851566,-0.2647620245937641,8.636807463657803e-09,ok
1585,0.0024130891158690862,0.006904599238658856,0.0024085981799581886,0.006280121064200284,4.490935910897616e-06,ok
1591,0.014802837983922089,0.03759170696603168,0.014802815372603665,0.03748762970705055,2.261131842352937e-08,ok
1594,9.393749122167658e-05,-1.9708794937905199,1.4596700931133643e-08,-1.970780232190926,9.392289452074545e-05,ok
1602,2.5964456219349168e-05,-0.138859162466362,4.7088307941168525e-11,-0.13858893039679243,2.5964409131041228e-05,ok
1604,0.389545020774003,-0.42885233049003524,0.3895450207640338,-0.42885470191172814,9.969192138470362e-12,ok
1627,0.025872985885181388,0.08208801317072228,0.025872619969297277,0.08153962354537692,3.659158841103072e-07,ok
1631,6.729060440343809e-05,-1.8067034674490752,5.088534490111497e-09,-1.8066000640232045,6.728551586894799e-05,ok
1634,0.3717843448819423,-0.3674781150352896,0.3717840990564426,-0.36704965109669585,2.458254996784426e-07,ok
1639,0.3970687164589286,0.35980633810344637,0.3970686623696865,0.36001630434674814,5.408924208527566e-08,ok
1668,5.143783116124328e-05,1.8450623521082912,8.454476751926646e-09,1.8451770675549204,5.142937668449136e-05,ok
1670,0.43738819430464987,-0.4150431320127175,0.4373876126023542,-0.41566980783315355,5.817022956655649e-07,ok
1681,0.26196301178275233,-0.2907603457168575,0.26196298362809256,-0.29091483883281954,2.8154659770240897e-08,ok
1710,0.0001706404583376996,1.7898255581990201,3.531494324925042e-09,1.7895841816843188,0.00017063692684337467,ok
1725,0.00039547625819886677,-1.8189783105400243,8.46543592859184e-10,-1.8196849985968973,0.0003954754116552739,ok
1731,0.0004708054575294763,-1.7990316905172319,5.392361158765673e-09,-1.7997624142877413,0.0004708000651683175,ok
1732,0.004083548804402963,1.8987647906311935,0.004081673279832171,1.8993674409413899,1.8755245707914592e-06,ok
1735,0.04832469230371267,0.1971646671483704,0.048324684773365094,0.19708039111538156,7.530347574669083e-09,ok
1748,1.401077001801298e-07,0.20637079946658224,1.1879609658882853e-10,0.20636941373519413,1.3998890408354097e-07,ok
1758,0.00020100880725777183,-1.8097721782218124,3.6873409451404215e-09,-1.809440948738582,0.0002010051199168267,ok
1767,0.019148348711859463,0.08669107932982821,0.019148332599202303,0.08657374037348964,1.6112657159894628e-08,ok
1768,0.0004311327614963207,0.0007671776931842903,0.000422318131521114,0.001104892141781555,8.814629975206659e-06,ok
1773,3.214160433361805e-05,1.858871550585609,1.1182621815807587e-09,1.858734829868867,3.214048607143647e-05,ok
1774,0.016092174763338418,-0.07134752546614179,0.016092089869323745,-0.0710840041531724,8.489401467220992e-08,ok
1799,2.6742481830463128e-05,1.8450623521082912,1.8837564824699003e-09,1.8451184307239572,2.6740598073980658e-05,ok
1843,1.7195980841552642e-05,-0.18028675789831533,2.137463837663087e-10,-0.18038927808723226,1.7195767095168877e-05,ok
1845,0.0013894847152081103,0.003835888465921573,0.0013888633661359524,0.003658207448545614,6.213490721578094e-07,ok
1846,3.75306480827773e-05,-1.9125739891085114,7.394693395913538e-10,-1.9128357567768939,3.752990861343771e-05,ok
1848,0.3161314077266767,-0.35980633810344637,0.3161311685488807,-0.36021020049792707,2.391777960131236e-07,ok
1857,0.4986666356073602,-0.4334553966491411,0.4986665508695926,-0.43321069725674466,8.473776758055607e-08,ok
1863,8.055198850001605e-06,0.25086710567127285,6.884066836254522e-10,0.2508481272911345,8.054510443317979e-06,ok
1893,0.0003555372614639784,1.8143752443809185,7.435131703493604e-10,1.814959632716576,0.00035553651795080805,ok
1894,7.084454772866744e-05,0.2232487087166373,1.1292706215590862e-10,0.223507523227938,7.084443480160528e-05,ok
1914,0.004304056858430029,0.01150766539776478,0.004301224987614042,0.01085934075477013,2.831870815987042e-06,ok
1918,0.010212912848394314,-0.028385574647819836,0.010212753854017119,-0.028633395753717927,1.5899437719527065e-07,ok
1922,0.00012468614142890908,1.7959629797444947,4.236528448253769e-09,1.7957754744750494,0.00012468190490046082,ok
1931,0.26435621850648056,-0.43192104126277253,0.26435591039203415,-0.4322635451790573,3.0811444640121977e-07,ok
1957,0.5202439254364544,-0.4273179751036666,0.520243857027783,-0.42709074986949247,6.840867139423779e-08,ok
1970,0.009873308363123645,-0.026851219261451193,0.009872034493513612,-0.027525623979599345,1.2738696100328406e-06,ok
1974,0.5275469066044771,-1.841993641335554,0.5275467800240526,-1.8416867087623574,1.2658042447544204e-07,ok
1978,0.00885467645152737,-0.15880578248915433,0.008854550244883743,-0.15908568468774353,1.2620664362715528e-07,ok
2001,0.4533257228112983,0.41964619817182336,0.45332546741177054,0.41922774303815746,2.553995277487786e-07,ok
2012,0.00023103441976702282,1.8312531536309735,1.306509354194667e-09,1.831760179209736,0.00023103311325766863,ok
2019,0.0027985936294137328,-0.01150766539776478,0.002797290144548615,-0.011024449255495838,1.3034848651179154e-06,ok
2029,0.007192853191532599,0.12044689782993831,0.0071922101115534515,0.11972815395687952,6.430799791472611e-07,ok
2043,0.021506321094987693,0.05907268237519266,0.021505491211122857,0.05981055715567596,8.298838648362894e-07,ok
2047,0.0001324178140091305,-1.9248488321994606,2.4169725476854876e-09,-1.9253245367457463,0.0001324153970365828,ok
2049,0.0004276030992082849,-1.7790850704944396,2.80592555209734e-09,-1.7796573746115933,0.00042760029328273283,ok
2066,0.00648348256398668,0.03605735157966304,0.006482691612313768,0.03674960698447727,7.90951672911995e-07,ok
2087,0.01574450281742045,0.0529352608297181,0.015744490737238513,0.053023843228522605,1.208018193810112e-08,ok
2096,0.006804091753995663,-0.020713797715976628,0.006803741807538597,-0.02039866781009181,3.4994645706568073e-07,ok
2125,0.002530517592374346,-0.13272174092088745,0.0025300282239311338,-0.13212520356098967,4.893684432123561e-07,ok
2132,0.00022313843820254557,1.7990316905172319,5.2563794391607e-09,1.7987077824986661,0.0002231331818231064,ok
2137,0.029377768920176836,-2.35446834038268,0.029371876108730547,-2.353773319175294,5.892811446289031e-06,ok
2153,0.5178219288112856,-1.841993641335554,0.5178217997942106,-1.8416866380181347,1.2901707502344095e-07,ok
2157,0.00022874944494362192,-0.24012661796669235,0.00022850794075670512,-0.24040706086234875,2.415041869167987e-07,ok
2170,0.4733845093566207,0.43192104126277253,0.47338448873763594,0.4320389553074562,2.0618984741815893e-08,ok
2171,1.1923477323470257e-06,-1.8051691120627065,4.795098727988897e-09,-1.8051710549664939,1.1875526336190368e-06,ok
2185,0.00024288905452660072,-1.9493985183813587,1.4528903248396114e-09,-1.9490740892105078,0.00024288760163627588,ok
2187,0.3452107769828331,-0.382821668898976,0.3452103983991866,-0.38331716859432907,3.785836464875736e-07,ok
2189,8.217008261520809e-05,-0.08208801317072228,1.091757814163581e-10,-0.08245864862281937,8.216997343942667e-05,ok
2190,0.002518114796966702,-1.904902212176668,0.0025176291295930593,-1.9051067909267219,4.856673736426155e-07,ok
2212,0.46247885633528807,0.4334553966491411,0.4624788179572551,0.43329679597530735,3.837803297379594e-08,ok
2214,0.39461134923492885,-0.43192104126277253,0.39461089878176436,-0.432424494006177,4.5045316449110473e-07,ok
2218,0.24609103464108173,-0.36287504887618366,0.2460907364935696,-0.3632825957906438,2.981475121233146e-07,ok
2251,0.16422516243893132,-0.41044006585361154,0.16422514055996593,-0.4103585517504218,2.1878965389410254e-08,ok
2262,6.016257229595701e-05,0.2155769317847941,2.7850303470365034e-10,0.21582058426665363,6.0162293792922307e-05,ok
2276,0.25631465632548167,-0.40123393353539966,0.25631389962831985,-0.40182325558971366,7.5669716181892e-07,ok
2300,0.0005421887760807424,-0.005370243852290214,0.0005421137813477131,-0.0052658613200184945,7.49947330293179e-08,ok
2308,6.526801250027687e-05,-1.918711410653986,3.650759285247928e-09,-1.9189629246982256,6.526436174099162e-05,ok
2322,8.453683526221892e-05,0.29536341187596343,2.162939696655541e-10,0.2955646561196392,8.453661896824926e-05,ok
2327,9.740065456938116e-05,-1.8742151044492954,5.226936805995952e-09,-1.8744518699713366,9.739542763257516e-05,ok
2329,5.779160267247607e-05,0.25086710567127285,4.0476953342605783e-10,0.25070347632687007,5.779119790294264e-05,ok
2338,0.41894668993243805,-0.39202780121718783,0.41894627675205953,-0.39147818297021164,4.131803785223376e-07,ok
2356,8.406860155679316e-05,-0.16647755942099757,2.424353364760072e-10,-0.16619019521733236,8.406835912145668e-05,ok
2386,0.3912747886263505,-0.4303866858764039,0.39127466571354474,-0.4301232433406259,1.2291280576670616e-07,ok
2393,0.00017935509249755589,-1.8174439551536556,7.730796392150694e-09,-1.8177073252442801,0.00017934736170116373,ok
2396,0.3971391081753411,-0.3935621566035565,0.397138959331421,-0.3932411474687618,1.488439200780789e-07,ok
2397,1.69509096947692e-05,0.24166097335306097,1.5329615309187012e-10,0.24159135294274847,1.6950756398616107e-05,ok
2400,0.2777232922705731,-0.24166097335306097,0.2777232535082105,-0.2414534577259868,3.876236259747756e-08,ok
2410,0.013597978553792267,-0.0529352608297181,0.01359796496109507,-0.05303126837316219,1.3592697196973536e-08,ok
2414,0.026346516183200858,-0.07595059162524771,0.02634642367057011,-0.07568310613443519,9.251263074702698e-08,ok
2421,0.06477526746188478,1.9693451384041512,0.06477356966816025,1.9699175592942781,1.6977937245254981e-06,ok
2427,0.0062829807512455975,-0.05140090544334945,0.006282366047808189,-0.05067452203982725,6.147034374084925e-07,ok
2440,0.4493760338705756,0.43192104126277253,0.4493759517891365,0.4321502788091047,8.208143914556487e-08,ok
2441,0.002557556638126001,-0.06827881469340451,0.002557226641062264,-0.06764474239982432,3.2999706373699686e-07,ok
2442,0.009695185808380078,-0.043729128511506246,0.009694454453305731,-0.04441088009212324,7.313550743470038e-07,ok
2448,0.4799226474413682,0.42271490894456065,0.4799224999519991,0.42239065477471627,1.474893691066903e-07,ok
2465,9.23671452366127e-06,-1.7898255581990201,3.1583632982722175e-09,-1.7898123025838404,9.233556160362997e-06,ok
2469,0.4893085805913267,-0.42885233049003524,0.4893084934793351,-0.4291002092142002,8.711199162014793e-08,ok
2470,4.068633743651798e-05,1.9478641629949902,1.0440338717090034e-08,1.9479167420425263,4.067589709780089e-05,ok
2471,5.511519944683994e-05,0.2385922625803237,5.385342332898733e-10,0.23877234565454186,5.511466091260665e-05,ok
2503,0.00020347121607102497,-0.40737135508087424,3.4153827907342307e-10,-0.4070579132445271,0.0002034708745327459,ok
2506,0.021699455502594226,0.06214139314792994,0.021699319158238566,0.06183573051461133,1.3634435565984537e-07,ok
2513,0.3218311145490725,-0.37361553658076413,0.32183095878502177,-0.3732984322044808,1.557640507132696e-07,ok
2523,0.03444387566000657,-2.1043684124045914,0.03444078528785872,-2.104946661664215,3.090372147851461e-06,ok
2531,0.0001667564499036372,-1.7959629797444947,7.419318159866801e-09,-1.795712580757405,0.00016674903058547732,ok
2549,0.037991987745806144,-2.1550021401547568,0.037991760917207656,-2.1551685028415624,2.2682859848743853e-07,ok
2550,7.195819340766591e-06,-1.9708794937905199,1.0672695635752747e-08,-1.9708874812739894,7.185146645130838e-06,ok
2616,0.47520917880218166,-0.4334553966491411,0.4752091258378131,-0.4332665246306875,5.296436855761755e-08,ok
2621,0.43260794603802233,0.4242492643309293,0.43260706981207064,0.4234988834745135,8.762259516847948e-07,ok
2645,0.00015208108686681304,0.1158438316708324,4.764804268030044e-13,0.11630413039684839,0.00015208108639033261,ok
2647,0.026861178227816432,0.07288188085251043,0.026860919775823413,0.0724450320118839,2.5845199301891e-07,ok
2658,0.3028016662847983,0.42578361971729795,0.3028005762363548,0.4250782843563985,1.0900484435083513e-06,ok
2660,0.00014270234449057921,1.9923604691996808,3.5419698243361452e-09,1.9924746291928859,0.00014269880252075487,ok
2671,0.00015188828271706412,-1.9693451384041512,1.4739878724983635e-08,-1.9692193681016574,0.00015187354283833913,ok
2681,0.4987776065377637,-0.41964619817182336,0.49877749564026297,-0.4199341927174216,1.108975007380053e-07,ok
2684,0.00012697588574835412,-1.940192386063147,8.330009141017247e-09,-1.9399538621833061,0.0001269675557392131,ok
2687,3.121094411396814e-05,0.10203463319351462,2.8605669021744105e-10,0.1021077709251168,3.121065805727792e-05,ok
2689,0.30724138753338565,0.3690124704216582,0.3072409267076327,0.3684700376591108,4.6082575294592587e-07,ok
2694,0.018153880543528903,2.210238934064028,0.018152310717933023,2.209924936533275,1.5698255958797314e-06,ok
2710,0.01698039068307643,0.05753832698882402,0.016980249800967538,0.057849463959149805,1.408821088920431e-07,ok
2713,0.00016085890464496172,-1.9969635353587867,1.599201552649743e-08,-1.9970890160631571,0.00016084291262943523,ok
2715,1.67635678021552e-05,-0.3122413211260185,1.189743000023624e-09,-0.31227711057790497,1.6762378059155176e-05,ok
2717,0.00016331175997070496,-1.9969635353587867,2.6296361893862155e-08,-1.99708894150499,0.0001632854636088111,ok
2723,0.004675376203558074,0.15880578248915433,0.004675226746364493,0.1585055764162444,1.4945719358124e-07,ok
2736,0.4927274205124512,0.43192104126277253,0.4927274197875095,0.43194360362107664,7.249417177668249e-10,ok
2749,3.5651757304360106e-05,0.2968977672623321,8.807583384749211e-11,0.2968206938725637,3.5651669228526255e-05,ok
2755,0.00014132994455132937,1.8665433275174521,6.2988728605630136e-09,1.8662055589990212,0.0001413236456784688,ok
2756,0.44333813281986284,-0.4181118427854547,0.4433376386925547,-0.41753348865564943,4.941273081260356e-07,ok
2763,3.5093008199948937e-06,-1.8051691120627065,1.1223610181667204e-08,-1.8051634145157205,3.4980772098132264e-06,ok
2769,0.00012665142857712282,-0.2968977672623321,7.248798703908372e-10,-0.2966790610022656,0.00012665070369725242,ok
2777,0.4804044384732227,-0.4242492643309293,0.4804044380308209,-0.4242315645358419,4.4240178187493484e-10,ok
2786,0.028062701986159302,2.243994752564138,0.028056856147896218,2.2447164345915924,5.845838263084796e-06,ok
2793,0.00020588670498210634,1.8021004012899693,8.399518222758405e-09,1.8017764509945922,0.0002058783054638836,ok
2796,0.00010062429855270378,-1.897230435244825,4.898695654407466e-09,-1.897448576382143,0.00010061939985704937,ok
2802,0.38151647733337873,0.42271490894456065,0.38151625088845376,0.423075032438883,2.2644492497780888e-07,ok
2803,0.5185739760739199,0.42271490894456065,0.5185732570320077,0.423456273759677,7.190419121227976e-07,ok
2810,0.00020679363040123318,-1.8082378228354439,6.619864213955904e-09,-1.8079370035174716,0.00020678701053701923,ok
2813,9.092883972015887e-05,-1.8619402613583462,1.1571421376249068e-09,-1.8621087202065274,9.092768257802124e-05,ok
2835,0.0485246455464044,2.062940816972638,0.04852341631463063,2.063354181282591,1.2292317737722103e-06,ok
2864,0.0008523990514255309,0.07595059162524771,0.000852381938064727,0.07580416402795542,1.711336080397613e-08,ok
2865,4.0787606224034026e-05,1.9294518983585665,9.58241178555826e-09,1.9294922287728848,4.0778023812248466e-05,ok
2870,0.0003357085167388416,-1.8097721782218124,1.9382677327450413e-10,-1.8102883678431907,0.00033570832291206833,ok
2891,0.022040133764244057,-0.07748494701161636,0.022040118083759025,-0.07759686048608128,1.5680485031949187e-08,ok
2898,0.0001131527258175652,-1.8481310628810286,1.6525952559480926e-09,-1.8479320696810775,0.00011315107322230925,ok
2926,0.515621190291618,-0.4303866858764039,0.5156211900988611,-0.43037474161649936,1.9275692153541968e-10,ok
2927,0.5208887914098169,0.43192104126277253,0.5208887730276631,0.43180427557407475,1.8382153799123557e-08,ok
2933,0.00016378402163946506,-1.9033678567902996,0.00016376781426613444,-1.9034115352155094,1.620737333061931e-08,ok
2948,0.009285002489738039,0.05446961621608674,0.009284573547268636,0.055051393584975905,4.289424694031013e-07,ok
2949,0.024692463593743025,0.07748494701161636,0.02469243103981333,0.07732530748846722,3.25539296942845e-08,ok
2986,0.0036506555739200747,0.20790515485295086,0.0036496837156762474,0.20854451572540889,9.718582438273532e-07,ok
2990,0.47180765724529405,-1.841993641335554,0.4718075153368794,-1.8416863032880118,1.4190841463035397e-07,ok
2995,0.017637371851969234,0.07134752546614179,0.017637313561593444,0.07113238210280848,5.8290375790082116e-08,ok
2998,0.003698253034935832,-0.14653093939820522,0.003697883344765425,-0.14603835056213477,3.696901704069999e-07,ok
3008,3.54558659539878e-05,-1.8005660459036006,7.307856456873607e-09,-1.8005123955640658,3.544855809753093e-05,ok
3009,0.026503187076656543,0.07595059162524771,0.02650299463151831,0.07556733918409497,1.9244513823485354e-07,ok
3034,6.0793866192855946e-05,-0.22938613026211185,4.842264983607689e-10,-0.22925643335009527,6.079338196635758e-05,ok
3062,0.5077731352569012,0.421180553558192,0.5077727385015529,0.42172777205634304,3.967553482420172e-07,ok
3085,0.2809866496661537,-0.43192104126277253,0.28098652921411454,-0.4321417251475652,1.2045203917621095e-07,ok
3091,0.4423605268291176,-0.41350877662634883,0.44236046898510606,-0.41330903431221166,5.784401152508778e-08,ok
3105,0.033623036075393985,-0.08975979010256549,0.03362300580477588,-0.08991656578795082,3.02706181024015e-08,ok
3106,1.2321452515461184e-05,1.7898255581990201,3.494159154448296e-10,1.789843213922449,1.2321103099545739e-05,ok
3161,0.41713988954615505,-0.4303866858764039,0.41713897258604465,-0.4311272780096469,9.169601103975467e-07,ok
3178,0.43410587335733636,-0.421180553558192,0.434105488699632,-0.4216809307463594,3.846577043553623e-07,ok
3188,2.510538169155445e-05,1.7928942689717573,3.9664578454364074e-09,1.7928614490434844,2.5101415233709012e-05,ok
3189,0.0012778445995065924,0.02224815310234527,0.0012778415083663788,0.02219818247666483,3.0911402135874733e-09,ok
3197,2.8463732506224312e-05,-1.9493985183813587,1.4985713081765643e-09,-1.9494403127137765,2.8462233934916136e-05,ok
3199,6.820912807307296e-05,1.7990316905172319,6.5501371930937225e-09,1.7991349253893087,6.820257793587987e-05,ok
3209,0.00012594510363524917,-1.9800856261087316,7.45369089947197e-09,-1.9799607152857994,0.0001259376499443497,ok
3210,0.00034577605765709406,-1.8067034674490752,6.877055450359967e-09,-1.8061446975444482,0.0003457691806016437,ok
3215,0.4801561175059405,0.4303866858764039,0.48015601858169726,0.4306475456313219,9.892424324142723e-08,ok
3220,0.5264438152575143,-1.841993641335554,0.5264436884052306,-1.8416867007607682,1.2685228367725898e-07,ok
3221,0.00398268193718056,-0.029919930034188476,0.0039821702225996,-0.030479060008846925,5.117145809594228e-07,ok
3224,0.00021216717288923917,1.8051691120627065,6.948849162448743e-09,1.805498443922069,0.00021216022404007672,ok
3237,0.00039304999665625733,1.7882912028126514,5.9829600479096346e-09,1.7888491172825134,0.0003930440136962094,ok
3240,0.06635133984549693,-2.0399254861771086,0.0663501500265434,-2.0403789934621384,1.189818953528654e-06,ok
3250,0.4608004966804123,-0.43192104126277253,0.4608004510967542,-0.4320940214260509,4.5583658070391664e-08,ok
3260,9.993257047234585e-05,-0.3306535857624422,3.668947652605237e-10,-0.33081486834456486,9.993220357758059e-05,ok
3263,6.084131654723082e-05,-1.978551270722363,1.410589727361706e-08,-1.9786109175752284,6.08272106499572e-05,ok
3267,0.05391384442060726,1.9248488321994606,0.053912829159166765,1.9244788460849858,1.0152614404942972e-06,ok
3275,0.4408297217421518,1.841993641335554,0.4408295696390729,1.8416860773380526,1.5210307890978214e-07,ok
3281,0.39792313976886867,1.841993641335554,0.39792297092352613,1.8416857650756873,1.6884534254080208e-07,ok
3291,0.4907105816296331,0.42885233049003524,0.4907105048448729,0.42908537636988076,7.678476021677483e-08,ok
3295,5.369701098891356e-05,1.777550715108071,3.6598101466878163e-09,1.7774802630255078,5.369335117876687e-05,ok
3301,0.2648393019336412,-0.3367910073079167,0.2648385702053796,-0.33749357761662147,7.317282615937337e-07,ok
3304,0.5186482298278734,-0.42885233049003524,0.518648224432553,-0.42878883675278034,5.3953204126599985e-09,ok
3314,0.03137679229053757,0.08822543471619684,0.031376782228934565,0.08813416787062023,1.0061603002153863e-08,ok
3334,0.000188855104118617,-1.7867568474262827,5.956053304457338e-09,-1.7864942223139322,0.00018884914806531255,ok
3357,2.9975851273056773e-05,1.8404592859491853,3.79232923862918e-09,1.8405380145674979,2.9972058943818143e-05,ok
3369,2.0383017141461964e-05,0.17414933635284077,1.283914280557522e-10,0.1739699206893257,2.0382888750033907e-05,ok
3373,1.9527069362958995e-05,0.3091726103532812,2.095538648461315e-10,0.3092900048026914,1.9526859809094147e-05,ok
3401,0.4365187789700464,1.841993641335554,0.43651862533356217,1.8416860468577214,1.5363648420141374e-07,ok
3416,0.5091355330241774,0.42885233049003524,0.5091355310855578,0.42889004252301755,1.9386195981851984e-09,ok
3419,8.074268661790077e-05,1.9647420722450453,1.1667310946749564e-08,1.9646559850863632,8.073101930695402e-05,ok
3420,0.024694723427106942,-0.08822543471619684,0.02469448940754394,-0.08778438285675971,2.340195630022579e-07,ok
3424,0.031104417524333745,2.366743183473629,0.03110057575384925,2.3661698526045623,3.841770484496604e-06,ok
3427,0.5051016355902125,0.4303866858764039,0.505101628972168,0.4304558772936611,6.618044445794169e-09,ok
3429,0.2725701545832411,-0.3950965119899251,0.27256936150192984,-0.39572652919923357,7.930813112344559e-07,ok
3443,0.24117569441622894,0.41964619817182336,0.24117563964009764,0.41979171246654357,5.4776131297451514e-08,ok
3458,3.315061519710739e-05,-1.9248488321994606,4.342985357939043e-09,-1.924803511842801,3.314627221174945e-05,ok
3465,0.39571285392408445,-0.43192104126277253,0.3957124142305178,-0.43241913423318445,4.3969356666728743e-07,ok
3469,0.026518830576960542,1.8941617244720876,0.026518406986995903,1.8938858054238281,4.235899646390373e-07,ok
3473,0.46769092564897197,0.4334553966491411,0.46769088153910826,0.43328441714695254,4.410986370606551e-08,ok
3479,0.010159907652160969,0.06521010392066723,0.010159278779100958,0.06445735417049381,6.288730600104847e-07,ok
3485,0.004023062912075226,0.02378250848871391,0.004023033604981463,0.023672114305512082,2.930709376309376e-08,ok
3488,0.00035681065419898003,1.7882912028126514,3.387082602786221e-09,1.7887842800192626,0.00035680726711637725,ok
3513,0.43042873280769106,-0.4303866858764039,0.4304280120317853,-0.4297178895985452,7.20775905738158e-07,ok
3519,0.05072575236515653,-1.8864899475402446,0.05072569817496121,-1.8865926200748226,5.419019531716085e-08,ok
3521,0.06403715339279291,2.098230990859117,0.06403618017086753,2.0978050726411297,9.732219253821839e-07,ok
3525,0.3912735348201735,-0.4303866858764039,0.3912734119190262,-0.43012325045141875,1.2290114731472457e-07,ok
3532,0.004021947384860419,-0.23245484103484915,0.004021646211977114,-0.2327835311523847,3.0117288330518827e-07,ok
3535,6.724135819862476e-06,-0.03759170696603168,7.50394011279807e-12,-0.03773237816939501,6.724128315922363e-06,ok
3543,0.0002650994303052118,-1.841993641335554,2.661371167680204e-09,-1.8413324627314456,0.00026509676893404413,ok
3555,0.0016926363794046,0.05140090544334945,0.0016923436209248493,0.05076691930828181,2.927584797506218e-07,ok
3558,4.4212103122779545e-05,0.22631741948937456,1.0800613855366447e-11,0.22615666608809493,4.421209232216569e-05,ok
3569,1.6556539146764955e-05,-0.12811867476178151,9.004830075984975e-11,-0.12803201122386687,1.6556449098464196e-05,ok
3571,0.42084610257980926,-0.4303866858764039,0.4208452611543021,-0.4310992528414337,8.414255071587107e-07,ok
3606,0.022164713884134057,0.07134752546614179,0.02216436705267019,0.07186302320724902,3.46831463868269e-07,ok
3619,2.4518550554380614e-05,1.8143752443809185,4.915816255975053e-09,1.8144126452967848,2.4513634738124637e-05,ok
3623,5.609292734824559e-05,-0.04679783928424353,4.7602168312037944e-11,-0.04713052792384875,5.6092879746077274e-05,ok
3643,9.467093015150096e-05,-1.957070295313202,3.6542886200252057e-09,-1.9569302869872252,9.466727586288094e-05,ok
3652,0.4815982187069479,-0.42885233049003524,0.4815980625088705,-0.4291816427824333,1.5619807741673597e-07,ok
3658,8.47413189436945e-05,-1.875749459835664,3.6109912229560513e-09,-1.8754428966607641,8.473770795247155e-05,ok
3659,0.3360888561622302,-0.43192104126277253,0.33608878430297495,-0.43173483725374595,7.185925526842496e-08,ok
3680,0.012101019811093534,-0.07288188085251043,0.012101019276735918,-0.0728602897310302,5.343576154476226e-10,ok
3687,0.5060313456838423,0.42885233049003524,0.5060313388318034,0.4289230054117459,6.852038936244753e-09,ok
3693,0.00017963669515054542,-1.7821537812671768,6.919971140245049e-09,-1.7823967588886704,0.00017962977517940517,ok
3701,2.4135210648264448e-05,-1.8987647906311935,4.128338812178349e-10,-1.8989072336417196,2.413479781438323e-05,ok
3702,0.0075403352512183955,0.03605735157966304,0.007539842316736363,0.0365753993090685,4.929344820320605e-07,ok
3704,1.1029539325397563e-05,0.10663769935262055,9.309669220217023e-11,0.10670739931922846,1.1029446228705361e-05,ok
3718,0.5280048751009189,-0.43192104126277253,0.5280048443446645,-0.4317689657216581,3.0756254321140375e-08,ok
3723,9.332828636892564e-05,1.849665418267397,2.3641389004613217e-09,1.8499093525599264,9.332592223002518e-05,ok
3727,0.5206641054155489,-0.42578361971729795,0.5206637947686884,-0.42529746064784524,3.1064686045745304e-07,ok
3728,0.2132782921417679,-0.43192104126277253,0.2132782915516661,-0.4319074965921468,5.901018007570258e-10,ok
3729,0.4418847729553155,0.4303866858764039,0.441884290168295,0.4309396640730174,4.827870204726636e-07,ok
3736,0.023351380913292006,-0.08208801317072228,0.023350984418835062,-0.0826567257242985,3.9649445694386887e-07,ok
3741,0.465084263375502,-0.4334553966491411,0.4650842221747193,-0.4332906075970837,4.120078272995542e-08,ok
3747,0.045766294995451005,-1.9938948245860495,0.045766294464916805,-1.9938870909156177,5.305341999051194e-10,ok
3752,0.47855197866130106,0.4303866858764039,0.47855186983360265,0.4306598314768042,1.0882769840847573e-07,ok
3766,0.4881620071877133,0.42578361971729795,0.48816200125851944,0.4258486544468716,5.929193858111859e-09,ok
3770,0.00024107516826602106,1.8297187982446048,1.3242738662197777e-08,1.8301109507129167,0.00024106192552735887,ok
3774,0.00023962586275125603,1.7790850704944396,1.5505265672978433e-09,1.7787661744114578,0.00023962431222468872,ok
3808,0.00033338926863287437,1.7898255581990201,9.759463081262442e-09,1.790304769613801,0.0003333795091697931,ok
3816,0.012388517064305025,0.05753832698882402,0.012388513791941029,0.057488890838889084,3.2723639960957618e-09,ok
3822,0.027080409210851718,-2.3529339849963113,0.027075232718150762,-2.352303495277143,5.176492700955521e-06,ok
3831,0.007526342701072684,-0.14653093939820522,0.007526073380129023,-0.14695533257031324,2.693209436611943e-07,ok
3840,0.00035608733102126167,1.8343218644037107,4.831021671310937e-09,1.8350145362920252,0.00035608249999959037,ok
3841,0.0008688391901882814,-0.028385574647819836,0.0008688200432823382,-0.028223840978838233,1.914690594322175e-08,ok
3961,0.47626288201429795,-0.42578361971729795,0.47626278094224744,-0.42604890649321314,1.0107205050680079e-07,ok
3988,0.45700851922133107,0.42885233049003524,0.4570080070259676,0.42943333214985113,5.12195363455703e-07,ok
4036,0.3190887108343433,0.4334553966491411,0.31908772399163005,0.4327850911337916,9.868427132686541e-07,ok
4038,7.567378433990027e-05,-1.957070295313202,6.570196765811737e-09,-1.957130672292091,7.566721414313446e-05,ok
4069,0.005192116322143199,-0.028385574647819836,0.005192074907079925,-0.02852519024322131,4.1415063274652386e-08,ok
4074,0.00010933839695822697,-1.987757403040575,1.0294875875977701e-08,-1.9878440669797024,0.00010932810208235099,ok
4077,3.464141547740825e-05,0.1051033439662519,3.4041490111024014e-11,0.10561997362563469,3.464138143591814e-05,ok
4089,0.39299496557398167,0.43192104126277253,0.39299430150426923,0.4313093884208099,6.640697124415951e-07,ok
4091,0.06076821604676612,-0.4273179751036666,0.06076794681295658,-0.42749494260482734,2.692338095383606e-07,ok
4104,0.00064842983519604,0.003835888465921573,0.0006483277832493052,0.003752040501320053,1.0205194673476234e-07,ok
4114,0.026464520152234862,2.368277538859998,0.02645986815318805,2.368855024399302,4.6519990468119055e-06,ok
4129,0.2418037461947097,-0.41657748739908607,0.24180374288326048,-0.41654124607260634,3.3114492259400663e-09,ok
4133,0.48342060893772887,-0.41964619817182336,0.4834199150994052,-0.4203553972815257,6.938383236843038e-07,ok
4136,0.365303486731032,-0.42578361971729795,0.36530253794480944,-0.42649914422825397,9.487862225876498e-07,ok
4141,2.756360514415743e-06,-0.09129414548893414,3.825424053630153e-11,-0.0912756955635663,2.7563222601752067e-06,ok
4166,0.05279605253279471,-0.41044006585361154,0.05279590397385932,-0.41058569174769266,1.4855893538945342e-07,ok
4172,6.584238658534022e-05,-0.0974315670344087,6.559718160225663e-05,-0.09693144630591455,2.452049830835892e-07,ok
4177,0.00011072662506692728,-1.8235813766991302,8.350036145307954e-10,-1.8237518279010447,0.00011072579006331275,ok
4185,0.39611340112842586,0.43192104126277253,0.3961129653078679,0.43241719144195123,4.3582055797575237e-07,ok
4189,0.0001101685219413924,0.17261498096647213,5.316871234635464e-10,0.17238070707312003,0.00011016799025426894,ok
4190,0.02749829758523161,-0.07901930239798499,0.027498133189312695,-0.07866178854347572,1.6439591891612149e-07,ok
4197,0.006197988292100634,-0.04833219467061217,0.006197505826773639,-0.047696142952698306,4.824653269952517e-07,ok
4233,0.004683024181514717,-0.02378250848871391,0.004682843305031075,-0.024046695003212548,1.8087648364240733e-07,ok
4234,0.18891590241229572,-0.38895909044445054,0.18891509101571727,-0.3883928007435662,8.113965784539712e-07,ok
4271,0.0022416200554861254,0.01150766539776478,0.0022408456480872392,0.011126773383256516,7.744073988861545e-07,ok
4303,0.021500610457023683,-0.07901930239798499,0.021500104785206187,-0.07966582475089545,5.056718174953345e-07,ok
4306,0.00021147265637171743,1.9463298076086215,8.750841859086228e-09,1.9459917331174683,0.00021146390552985835,ok
4317,0.00959419714375176,-0.05140090544334945,0.009594020454995838,-0.051040988439662094,1.7668875592138922e-07,ok
4319,4.111396260702359e-05,-1.9386580306767782,1.095185406554856e-08,-1.938568175582338,4.110301075295804e-05,ok
4328,0.0001706520621199487,0.12198125321630696,3.985695474974844e-11,0.12239442027280356,0.00017065202226299394,ok
4334,0.0249846334999964,-0.08362236855709092,0.02498442045327698,-0.0832025020806042,2.130467194223773e-07,ok
4335,5.754536915272557e-06,0.18335546867105262,1.78711541789618e-10,0.18339284856808247,5.754358203730768e-06,ok
4340,0.1173584551276791,-0.17261498096647213,0.11735835729742711,-0.17230707837530757,9.783025199661122e-08,ok
4347,0.00016438276873977483,1.8604059059719775,7.589213311222973e-09,1.8598990693258122,0.0001643751795264636,ok
4348,4.747340464808521e-05,-0.0007671776931842903,4.4195601117162936e-05,-0.0011724125298586685,3.2778035309222767e-06,ok
4358,0.018590222874177515,-0.10817205473898918,0.0185902147102018,-0.10826285579641404,8.163975714209348e-09,ok
4366,0.0003438417511172477,1.8205126659263928,7.396998029188362e-09,1.8198514680523914,0.00034383435411921854,ok
4375,0.5225936495075946,-0.43192104126277253,0.5225936284364151,-0.4317958177131853,2.107117946792414e-08,ok
4378,0.09728987035579344,-0.25086710567127285,0.09728945887470149,-0.2502490267738495,4.1148109194977245e-07,ok
4379,0.020187694508541593,-0.06214139314792994,0.020187404886682313,-0.061692225606681195,2.8962185927988715e-07,ok
4382,1.6188955329179725e-05,0.02224815310234527,1.279645963509997e-12,0.022816449363535884,1.618895404953376e-05,ok
4388,7.810774198517514e-05,1.8573371951992403,4.238795230417683e-09,1.8571229203092638,7.810350318994472e-05,ok
4394,0.019723468685717865,-1.888024302926613,0.01972252482731077,-1.8875354332958976,9.438584070951828e-07,ok
4402,4.069364544289915e-06,1.8297187982446048,2.256678124850386e-09,1.8297101906992426,4.067107866165065e-06,ok
4416,0.47999611808289855,-0.42885233049003524,0.4799959448686745,-0.42919854362181464,1.7321422407512443e-07,ok
4422,4.33290063396736e-05,-0.1419278732390993,1.1291017359034304e-10,-0.14146106553127247,4.3328893429500015e-05,ok
4428,0.03237590824077736,2.360605761928155,0.0323697440481157,2.361336191691958,6.164192661660406e-06,ok
4431,0.00030290347002955964,0.0023015330795529317,0.0002887846259343283,0.0015880781782304787,1.411884409523135e-05,ok
4438,0.004154380833158244,-0.019179442329607985,0.004153841989109378,-0.018781074459386815,5.388440488659704e-07,ok
4442,0.003925381490539218,0.013042020784133421,0.003925261721274542,0.012890373254657916,1.197692646760784e-07,ok
4483,0.0016683453557569906,-0.01150766539776478,0.0016683336784721592,-0.011455931994930335,1.1677284831364959e-08,ok
4485,9.763667567180984e-05,0.24012661796669235,7.407065987881879e-11,0.24034484861258631,9.763660160114996e-05,ok
4491,0.07125380402547478,-0.2999664780350694,0.07125346771362027,-0.30033294802020283,3.3631185450411216e-07,ok
4498,0.016925053507813932,0.04066041773876897,0.016924747504018005,0.04105571196339719,3.060037959273787e-07,ok
4509,0.0003353250049257621,-1.987757403040575,5.151984146624404e-09,-1.9880482699719422,0.00033531985294161544,ok
4511,0.020780501343233032,0.04679783928424353,0.020780476332143496,0.04691645608162309,2.5011089536258746e-08,ok
4544,0.5217524342486829,-0.42885233049003524,0.5217524218411163,-0.42875574656464677,1.2407566640781909e-08,ok
4560,0.015570320694201495,-0.042194773125137607,0.015570124145054924,-0.04251264502206409,1.965491465711483e-07,ok
4566,0.01397920758888956,-0.03759170696603168,0.01397876016083652,-0.038048874371937824,4.4742805304157085e-07,ok
4568,0.5245564779802337,-0.42885233049003524,0.5245564568123909,-0.42872583208635007,2.1167842811919968e-08,ok
4574,0.009388304895287651,0.05753832698882402,0.00938786436276333,0.0581459839371532,4.4053252432063594e-07,ok
4592,0.3034895719316424,-0.41964619817182336,0.3034885031883818,-0.41893313895123985,1.0687432606126812e-06,ok
4602,0.022497750461614174,0.06214139314792994,0.022497620839122327,0.061846036845737196,1.2962249184775287e-07,ok
4617,0.41515104357618016,0.4303866858764039,0.4151505981528883,0.42987029325023984,4.454232918615908e-07,ok
4629,0.021674778664147888,-0.1311873855345188,0.02167460898280628,-0.1316031980987371,1.6968134160938453e-07,ok
4636,0.002560466634359994,1.897230435244825,0.0025586979547054132,1.896610494248229,1.768679654580961e-06,ok
4638,0.35135544980198086,0.39663086737629377,0.35135532738567893,0.39690472551489453,1.2241630192866282e-07,ok
4641,0.02103634407407138,0.07134752546614179,0.02103569616650348,0.07064214198693408,6.479075678987589e-07,ok
4642,0.005340169800169659,0.042194773125137607,0.005340143613869177,0.04233739748266352,2.6186300482178293e-08,ok
4654,0.40471644611137636,-0.4150431320127175,0.40471640198022213,-0.4148762491025968,4.413115423096414e-08,ok
4657,6.153259544461777e-05,-1.8005660459036006,8.123663948229516e-09,-1.800660502068437,6.152447178066955e-05,ok
4665,0.3894437772436874,0.42885233049003524,0.3894437772193199,0.42885605402028126,2.4367508011380323e-11,ok
4672,0.5069027906514516,0.43192104126277253,0.5069027864583724,0.43186602725029255,4.193079217174045e-09,ok
4680,9.315176286647383e-07,-0.20023337792110765,2.679873838584605e-10,-0.20022884511240058,9.312496412808799e-07,ok
4686,0.40392746805974733,0.421180553558192,0.40392712688177,0.4207239143809929,3.411779773143664e-07,ok
4718,0.003351232927458394,0.042194773125137607,0.0033510279862031906,0.04263929472740635,2.0494125520329615e-07,ok
4721,0.015011851900507762,0.06214139314792994,0.015011792017986908,0.06235391134573609,5.988252085344092e-08,ok
4733,9.279401472003186e-06,-0.09436285626167142,1.1898734702137618e-10,-0.09432450420852723,9.279282484656166e-06,ok
4746,0.024348596728629456,-0.07441623623887908,0.024348363059718377,-0.07399168186185223,2.336689110780943e-07,ok
4763,1.5259864914386327e-06,1.811306533608181,7.844025510010631e-09,1.8113092134873687,1.518142465928622e-06,ok
4766,0.022848711190591276,-0.06214139314792994,0.022848431512368678,-0.0625761390347428,2.7967822259847286e-07,ok
4772,0.3970193909874022,0.4334553966491411,0.39701939096572847,0.4334518997458101,2.1673718375581075e-11,ok
4786,0.015959889611924776,0.13579045169362472,0.015959529830128116,0.13630889511468647,3.597817966605188e-07,ok
4808,0.00016762666249915947,1.8021004012899693,1.9646355458690267e-09,1.8018357325546326,0.00016762469786361358,ok
4811,0.01259409442469311,1.8895586583129818,0.01259391267171275,1.8893493533192398,1.8175298036049448e-07,ok
4820,0.000220777597304627,1.8005660459036006,4.401267915194681e-09,1.8009125610140924,0.0002207731960367118,ok
4826,0.4509504522898591,-0.4334553966491411,0.4509504253470036,-0.43332418080125024,2.694285550219888e-08,ok
4832,0.0196026549575412,0.05446961621608674,0.01960264280862581,0.05438251182644782,1.2148915391058113e-08,ok
4836,0.02521113528535033,-2.311506389564358,0.02520933007861163,-2.3111357910025143,1.8052067386996329e-06,ok
4837,0.391775057349256,-0.4303866858764039,0.3917749297434101,-0.43011809932628253,1.2760584588988877e-07,ok
4845,0.023780555122389375,2.4173769112237946,0.023778445569079102,2.4170209559443325,2.109553310272738e-06,ok
4849,0.01322945059072618,-0.03759170696603168,0.01322880920347844,-0.03814749808217943,6.413872477399607e-07,ok
4864,0.3379311163104537,-0.4334553966491411,0.3379299136858586,-0.4326940694461121,1.2026245950758074e-06,ok
4866,0.40183081594637804,0.4334553966491411,0.4018308155584497,0.43344051295000563,3.8792835610479415e-10,ok
4870,0.0400369017517733,-0.34446278423975996,0.04003669321947738,-0.3446849417166864,2.0853229592415756e-07,ok
4881,0.011656389463632233,0.07748494701161636,0.011656202038400025,0.07705641449097067,1.8742523220753593e-07,ok
4904,0.019107392028258886,0.05753832698882402,0.019107132569819104,0.05795432676029044,2.5945843978164573e-07,ok
4907,0.0032079299664940788,0.014576376170502062,0.0032064280871184434,0.015173149759095672,1.5018793756353503e-06,ok
4913,0.050697419807911585,-2.2547352402687184,0.05069739683561794,-2.254794637526744,2.2972293643730435e-08,ok
4915,0.0028522228269353017,-0.017645086943239345,0.0028516722013610437,-0.01807268128573236,5.506255742579631e-07,ok
4920,6.41746120302149e-05,-0.27695114723953973,6.429254014737581e-10,-0.2771229592635356,6.417396910481343e-05,ok
4929,0.48985276468238004,-1.841993641335554,0.48985262811815616,-1.8416864352402966,1.3656422387375855e-07,ok
4930,0.0007576318588774199,-1.8864899475402446,0.0007576258573679983,-1.8865258346735818,6.001509421588516e-09,ok
4932,0.5283052896659517,-0.43192104126277253,0.5283052583214197,-0.431767465302932,3.134453196995679e-08,ok
4942,0.014288883776299303,-0.05753832698882402,0.01428883693006824,-0.057353235626913524,4.684623106272767e-08,ok
4944,0.3894437772436874,0.42885233049003524,0.3894437772193199,0.42885605402028126,2.4367508011380323e-11,ok
4952,0.15105259558903752,0.15266836094367978,0.1510525091188788,0.1523560583250836,8.647015872775832e-08,ok
4954,0.00012008142475369775,1.9233144768130919,1.1716281318730237e-09,1.9236552784763408,0.00012008025312556588,ok
4959,1.657303968754008e-05,1.8680776829038208,2.6637377106904473e-10,1.8675614638310876,1.657277331376901e-05,ok
4960,1.945682427015507e-06,0.138859162466362,2.2610914421633165e-10,0.13885145107962593,1.9454563178712904e-06,ok
4965,0.0285838553360599,2.3698118942463666,0.028582055841630025,2.3701800952333523,1.7994944298757587e-06,ok
4973,0.020331547524112727,0.07901930239798499,0.02033093690307443,0.07830709417245973,6.106210382987587e-07,ok
4974,0.0036831505334532257,0.026851219261451193,0.0036830815217043346,0.02665726371959698,6.901174889103329e-08,ok
4989,0.014877409321561263,-0.04986655005698081,0.014877204940095617,-0.04950512963020337,2.0438146564570603e-07,ok
4990,0.009956682369231149,0.16954627019373483,0.009955924968355848,0.17020960452753986,7.57400875300504e-07,ok
5005,3.971918371895366e-05,-0.3751498919671328,6.031602994816211e-10,-0.3749798361204739,3.971858055865418e-05,ok
5007,0.008238313393726977,0.07134752546614179,0.008237913153682122,0.07195906213007408,4.0024004485487985e-07,ok
5013,0.0375411895236483,0.4303866858764039,0.037537289036485684,0.42983658790491264,3.900487162616928e-06,ok
5014,0.014554782007462685,-0.04833219467061217,0.014554769965567864,-0.04841781101779841,1.2041894821568366e-08,ok
5018,0.00162399580511629,-0.009973310011396138,0.0016239790451970666,-0.009917691842929788,1.6759919223502742e-08,ok
5022,0.0022965768556320065,0.006904599238658856,0.0022961081540446185,0.006692052946058791,4.687015873880082e-07,ok
5025,0.5278045987280021,-0.43192104126277253,0.5278045683610023,-0.43176996689613656,3.0366999803632666e-08,ok
5027,0.015242579259005145,0.0529352608297181,0.015241886584506575,0.0536056526825357,6.926744985698979e-07,ok
5039,0.034960986608769264,-0.09282850087530277,0.0349607462554307,-0.09238464352528863,2.403533385653134e-07,ok
5041,0.01682554907860031,0.04679783928424353,0.016824791744568093,0.04615045193013767,7.573340322156175e-07,ok
5045,0.4998276208235584,0.4273179751036666,0.4998276169361533,0.42737108631666754,3.887405120028831e-09,ok
5062,0.017535993593894825,0.06674445930703587,0.01753565756053656,0.06623837376915498,3.360333582641539e-07,ok
5069,0.00016258634601420396,1.8818868813811385,3.108045252258993e-09,1.8823034457627523,0.0001625832379689517,ok
5088,3.7738643332344635e-05,0.06981317007977315,4.153702951169127e-11,0.07020793354372179,3.773860179531512e-05,ok
5098,0.40235390194113874,-0.42885233049003524,0.40235385407455626,-0.4286850670698783,4.786658247546427e-08,ok
5101,0.0019739176840300196,0.005370243852290214,0.0019737548919666315,0.005480930062139677,1.6279206338813343e-07,ok
5104,0.47280283565271586,-0.4334553966491411,0.47280278559620265,-0.43327225852654205,5.005651321221549e-08,ok
5110,0.026121935374383735,0.08362236855709092,0.026121501614077662,0.08422076345491059,4.337603060726447e-07,ok
5127,0.016146247930545494,-0.1235156086026756,0.016146216431102527,-0.12367409216377556,3.14994429671811e-08,ok
5139,0.00029053450547783803,-0.14346222862546792,4.1239515970936605e-10,-0.14271623850598036,0.00029053409308267835,ok
5140,0.5236951691600894,-0.43192104126277253,0.523695146258492,-0.43179034330437593,2.2901597396263185e-08,ok
5155,0.0053484034106595045,-0.16954627019373483,0.0053482082977323086,-0.1698766165479073,1.9511292719594925e-07,ok
5175,0.0024327176085873876,0.09896592242077734,0.0024323128328273586,0.09958711567630907,4.0477576002898724e-07,ok
5178,0.012223449851450007,0.03912606235240032,0.012223075631067944,0.03956598902357378,3.7422038206245956e-07,ok
5184,0.4851337762146901,-0.4334553966491411,0.4851337105478412,-0.4332429387020347,6.56668489029677e-08,ok
5187,9.428813022079556e-05,-0.01150766539776478,8.191977456502062e-12,-0.01100459552265809,9.428812202881811e-05,ok
5207,0.025436188989329114,0.1311873855345188,0.025436150384226818,0.13138332158910027,3.860510229547476e-08,ok
5229,1.004564372166782e-05,-1.8036347566763378,6.538484169711754e-09,-1.8036185767378559,1.0039105237498108e-05,ok
5232,0.046916755079501576,-2.291559769541566,0.04691675507519264,-2.2915590156874894,4.308935153130022e-12,ok
5242,0.008703705405709762,-0.04066041773876897,0.00870274944025644,-0.03991641391222034,9.559654533218553e-07,ok
5251,0.027318047391690164,0.07595059162524771,0.027317768988553072,0.07641450080821288,2.7840313709254216e-07,ok
5260,0.003147064566844373,1.8895586583129818,0.003146955563661354,1.8894026879607733,1.0900318301882567e-07,ok
5261,0.5283377701873658,0.4334553966491411,0.5283376372374539,0.43313992870698614,1.3294991196843853e-07,ok
5264,0.20902469635576215,-0.21097386562568815,0.2090245217612868,-0.21053935435923332,1.745944753495099e-07,ok
5298,0.05235785117947928,-2.2455291079505066,0.05235481679645757,-2.2448317278031906,3.0343830217105516e-06,ok
5301,0.5082345912734956,-0.4273179751036666,0.5082345860402566,-0.427255852945855,5.233238953294972e-09,ok
5309,2.407348615489897e-05,-1.8097721782218124,7.791797065471502e-09,-1.809813341829232,2.4065694357833496e-05,ok
5311,0.05779190479909389,-2.0614064615862695,0.05779172957374816,-2.0612380528764764,1.752253457332209e-07,ok
5379,0.012820192016336511,1.8864899475402446,0.012818774086027008,1.8859084689762806,1.4179303095031293e-06,ok
5382,0.03897213052995252,2.0614064615862695,0.03897211210471355,2.0613604372996903,1.8425238973440727e-08,ok
5387,0.2159707145307645,-0.22171435333026865,0.21597041789213342,-0.22115589556490445,2.9663863107542987e-07,ok
5390,0.010825115975420557,0.05140090544334945,0.010825114633477899,0.05143147130135173,1.341942657689943e-09,ok
5391,0.0006042166402800162,0.005370243852290214,0.0006022793441216192,0.0048922566146858415,1.9372961583969924e-06,ok
5394,0.00034305443175326804,0.15727142710278572,0.0003428057314216799,0.15765297146256918,2.487003315881334e-07,ok
5404,1.345357892535891e-05,-0.17875240251194668,5.401855446473655e-11,-0.1784775071573721,1.3453524906804445e-05,ok
5405,0.24009648491440946,0.25086710567127285,0.2400960558408983,0.2515135294692077,4.290735111656119e-07,ok
5406,0.2654137896646452,-0.4181118427854547,0.26541266519807116,-0.4188018053133007,1.124466574020655e-06,ok
5413,0.013128578225064124,-0.08975979010256549,0.013128562817348564,-0.0896339972896163,1.5407715560009083e-08,ok
5416,0.006368796623330729,0.07134752546614179,0.006368795267171869,0.07138731721178582,1.3561588605576214e-09,ok
5452,0.1105185199802692,1.8726807490629267,0.11051833180453677,1.8724611161697222,1.8817573242679853e-07,ok
5471,0.029549992254123515,0.08515672394345956,0.029549962430423533,0.0850020488949439,2.982369998183465e-08,ok
5480,0.016685890326395204,0.09436285626167142,0.01668548648526158,0.0937335736953484,4.0384113362407215e-07,ok
5491,0.014077927024545224,0.07441623623887908,0.014077873895963659,0.07419870287667418,5.3128581565392574e-08,ok
5492,0.15663395505939817,-0.15573707171641707,0.1566338893914866,-0.1560106533529897,6.56679115806913e-08,ok
5513,0.04873722084910515,-2.2762162156778794,0.04873636117836765,-2.275862073857408,8.596707374991519e-07,ok
5524,0.39427891031264156,-0.4303866858764039,0.39427875798196593,-0.4300922899225279,1.5233067562903102e-07,ok
5527,0.45150199428468973,-0.4303866858764039,0.45150163852359926,-0.43086647971586567,3.55761090475859e-07,ok
5546,0.0003034755185481789,-1.9816199814951003,1.2465500918885457e-08,-1.9819028998348172,0.00030346305304726,ok
5549,0.03586590979740405,-2.277750571064248,0.0358625056703961,-2.278352983538771,3.4041270079443464e-06,ok
5570,0.002804328865815277,0.08055365778435364,0.0028040502412541965,0.08000057489717571,2.78624561080628e-07,ok
5575,0.22852599649807187,-0.3950965119899251,0.22852558651313443,-0.39467279518980103,4.0998493744393016e-07,ok
5581,0.030239756395381796,-2.2409260417914005,0.030238816401898225,-2.240623848580503,9.399934835715995e-07,ok
5590,0.019463133978310117,0.06827881469340451,0.019462466321138364,0.06756959272167284,6.676571717538493e-07,ok
5591,0.4205681557432702,-0.43192104126277253,0.4205679187603406,-0.4322979585127755,2.3698292961338296e-07,ok
5592,0.021826238225592216,-0.0606070377615613,0.021826207298826932,-0.06046381788568311,3.09267652841283e-08,ok
5607,0.03901741826830798,-2.236322975632295,0.039013044017922896,-2.2355871458791152,4.374250385082157e-06,ok
5614,0.2287947100333078,-0.37821860273987007,0.2287946729831244,-0.3783525674118211,3.7050183421261096e-08,ok
5616,0.003868248311728736,1.888024302926613,0.0038682386636799087,1.8880707173400397,9.64804882730777e-09,ok
5624,0.021683928787849457,-0.1051033439662519,0.021683524631387136,-0.10447948718632816,4.0415646232125346e-07,ok
5659,0.0001530406472286643,-1.9770169153359944,5.381458711090066e-09,-1.9771756995153011,0.00015303526576995323,ok
5660,0.385587041198798,0.4119744212399802,0.3855866748538453,0.41149991560225674,3.663449527069318e-07,ok
5682,0.02554108798869849,0.07288188085251043,0.02554095978041997,0.0725722147164709,1.2820827852144667e-07,ok
5686,0.42930048544906996,1.841993641335554,0.42930032917607697,1.8416859934544885,1.5627299299048047e-07,ok
5694,6.67718334882227e-05,0.26927937030769655,2.2487546963945806e-10,0.26945267140489104,6.677160861275305e-05,ok
5697,0.01385084021217591,-0.09589721164804005,0.013850830048595013,-0.09579434652513275,1.0163580897032398e-08,ok
5698,0.0413655851052762,-0.22631741948937456,0.041365435475142466,-0.22668439904516058,1.496301337347572e-07,ok
5707,4.1484996905151004e-05,-0.28922599033048885,4.883568286996153e-10,-0.28911435466087276,4.148450854832231e-05,ok
5711,0.0003440277738942033,-1.8174439551536556,1.2325737765163925e-08,-1.8180646745995863,0.0003440154481564381,ok
5713,0.0005364701438446769,-0.16954627019373483,0.0005363320293255961,-0.16927410954513,1.3811451908074621e-07,ok
5714,0.00010683821986968704,-1.854268484426503,3.803535063501401e-09,-1.853911247438348,0.00010683441633462354,ok
5727,4.229453805904262e-05,0.2125082210120568,3.5302467547731374e-11,0.2123216896872684,4.229450275657507e-05,ok
5743,0.4493314068983741,0.43192104126277253,0.44933131981838637,0.4321571587047828,8.707998772061742e-08,ok
5760,0.4053561599802228,-0.42885233049003524,0.4053560871158534,-0.42864519777981824,7.286436937148366e-08,ok
5762,0.00013819933818311623,-1.8143752443809185,6.036714884446243e-09,-1.8141272337703875,0.00013819330146823178,ok
5779,5.329033061181184e-06,-1.8818868813811385,1.6054417774519386e-09,-1.881865214862393,5.327427619403733e-06,ok
5790,0.2699666028370797,-0.38589037967171325,0.26996595064832657,-0.3853041484546669,6.521887531141246e-07,ok
5810,0.24431498755422387,-0.3904934458308192,0.24431494453091002,-0.39063609883917216,4.3023313855972134e-08,ok
5812,0.19006694386670558,0.3950965119899251,0.19006578598923288,0.39575844161272045,1.157877472707236e-06,ok
5826,0.00013076785618010961,-0.03298864080692576,6.777852185973007e-12,-0.03250446431938103,0.00013076784940225744,ok
5835,0.02988660346688909,-2.3713462496327353,0.029885285155584602,-2.3710185056927346,1.3183113044892836e-06,ok
5838,0.015284091190628861,0.07441623623887908,0.015283591169292208,0.0737698023475879,5.000213366534306e-07,ok
5851,1.7848451595953513e-05,0.1419278732390993,1.4602160414027256e-10,0.1418877710064348,1.7848305574349372e-05,ok
5860,0.07992846602425487,-0.42885233049003524,0.07992502302234583,-0.4295373000170435,3.443001909034238e-06,ok
5880,8.847085128212932e-06,-0.08362236855709092,2.321678197841167e-12,-0.08408664529947973,8.847082806534735e-06,ok
5886,5.512196953240648e-05,-0.028385574647819836,2.4406210617638004e-13,-0.028716609381701286,5.5121969288344374e-05,ok
5904,0.23337308376440563,-0.41657748739908607,0.23337274774721198,-0.4169365838567516,3.360171936528378e-07,ok
5911,0.026994913672811344,0.1419278732390993,0.02699464252862336,0.14244706155607156,2.711441879840737e-07,ok
5946,9.23637777034404e-06,0.031454285420557115,6.715552882505025e-11,0.031510862902008,9.236310614815215e-06,ok
5955,0.028022136827921585,2.311506389564358,0.028016928969826337,2.3108374903571853,5.207858095247764e-06,ok
5973,0.00024726088897053945,1.9938948245860495,8.690058130697562e-09,1.9936933279864224,0.00024725219891240873,ok
5984,0.3907605932875772,-0.4273179751036666,0.3907605566613312,-0.427462721695985,3.662624598055331e-08,ok
5992,0.031048514275125963,0.08362236855709092,0.03104851391598358,0.08360552478207994,3.5914238250001063e-10,ok
6001,0.4415144127025031,0.43192104126277253,0.4415142929891728,0.4321954936882535,1.197133303043607e-07,ok
6006,0.02965531981069818,1.9079709229494055,0.029652830147986496,1.908432725155599,2.489662711685492e-06,ok
6010,0.27408914542314133,-0.42578361971729795,0.27408914531185297,-0.42579040818339253,1.1128836741036707e-10,ok
6020,0.0003481200172545314,-1.8450623521082912,8.342884870901636e-09,-1.8443984431569416,0.0003481116743696605,ok
6030,0.0002314176445030175,-1.849665418267397,1.5011749015771468e-09,-1.8490150195451613,0.00023141614332811592,ok
6042,0.012124777350289034,0.0606070377615613,0.012124589426506497,0.06022287759687117,1.879237825370278e-07,ok
6045,7.989983149528969e-06,0.0023015330795529317,4.2067898523077305e-12,0.0023582541368480925,7.989978942739117e-06,ok
6076,0.008937240000272994,0.03912606235240032,0.008936901060273847,0.03955903762629376,3.389399991469977e-07,ok
6080,4.6338233530550105e-05,-1.9678107830177824,3.516441623925688e-10,-1.9677546799000385,4.6337881886387714e-05,ok
6084,0.006184386772601004,0.06674445930703587,0.006183869254159296,0.0674577367225333,5.175184417081924e-07,ok
6092,7.11921072705589e-05,0.2616075933758533,3.395223059452106e-10,0.2614013599609786,7.119176774825296e-05,ok
6107,1.0597511402300853e-05,0.008438954625027497,5.747379534681809e-12,0.008576890853243757,1.0597505654921318e-05,ok
6119,2.3331394710149945e-05,-1.8527341290401345,2.7478002734657335e-09,-1.8528463528619157,2.3328646909876478e-05,ok
6137,0.22103330610194696,0.42271490894456065,0.22103196064450584,0.4233995578975378,1.345457441126463e-06,ok
6160,0.005495960245216027,-0.0606070377615613,0.00549581049908189,-0.060198990790071516,1.497461341376169e-07,ok
6192,0.007132099822776186,-0.02531686387508255,0.00713208202685231,-0.025236058171671516,1.779592387601142e-08,ok
6199,0.006705697411898818,-0.02378250848871391,0.006704644051477016,-0.024400184862929386,1.0533604218017703e-06,ok
6201,0.3015226551263355,-0.3843560242853446,0.3015221952790718,-0.3848710904384953,4.5984726371184337e-07,ok
6205,3.6088598602268086e-05,-0.382821668898976,4.1529367121331884e-10,-0.3829801285561145,3.6088183308596876e-05,ok
6210,0.0117048236900119,1.888024302926613,0.011702631807746614,1.8873024327556909,2.1918822652854802e-06,ok
6213,0.38975808678044643,-0.38128731351260736,0.38975755402669116,-0.38190750357567005,5.327537552779482e-07,ok
6233,0.4160785214626844,0.4150431320127175,0.4160779071364679,0.4144119382277065,6.143262165081431e-07,ok
6235,0.009549490570191749,-0.10970641012535783,0.009549410483389633,-0.10940118344487493,8.008680211536723e-08,ok
6238,3.0546933751095286e-05,-1.9862230476542062,1.9257082943210166e-09,-1.9862483261440862,3.054500804280096e-05,ok
6249,0.005010799031306289,-0.08208801317072228,0.005010621766273552,-0.08257240829513801,1.7726503273671895e-07,ok
6261,0.022382657019362234,0.06981317007977315,0.022382330384224547,0.06932015628294863,3.2663513768738106e-07,ok
6291,1.3099392852489122e-05,0.2462640395121669,2.5875418573571357e-11,0.2465086150376008,1.3099366977070549e-05,ok
6293,0.026266175935927137,-0.07134752546614179,0.026265913570969985,-0.07090992558397602,2.62364957152178e-07,ok
6297,1.754151246363006e-05,0.1342560963072561,1.8240176605238882e-11,0.13481084273845534,1.7541494223453456e-05,ok
6312,0.10668080664551727,0.13579045169362472,0.10668069859998967,0.13545626413457112,1.0804552759424713e-07,ok
6315,0.030403432910447704,-2.3099720341779895,0.030397077522438417,-2.30922822063531,6.355388009287449e-06,ok
6325,0.003632198370438464,-0.019179442329607985,0.0036321568460867108,-0.01906048650414549,4.152435175309305e-08,ok
6343,0.00013054229265434828,-1.8680776829038208,1.7330124600247422e-09,-1.8686055607776835,0.00013054055964188826,ok
6346,0.013393926922442791,0.043729128511506246,0.013393805936693842,0.04399053645168838,1.2098574894876812e-07,ok
6374,0.05800831509216209,-0.22631741948937456,0.05800827692903244,-0.22650509419389753,3.816312964949331e-08,ok
6384,0.0014198906970130623,0.37821860273987007,0.0014190807777142822,0.37851796904805113,8.099192987801648e-07,ok
6415,0.005539177650056658,0.02378250848871391,0.0055387394128063915,0.023379008951236457,4.382372502664822e-07,ok
6430,3.1471562964716135e-05,-0.3935621566035565,1.1561161920616438e-09,-0.39361913146691485,3.147040684852408e-05,ok
6490,0.11848409436657867,0.14806529478457386,0.11848404559004974,0.1478393568858598,4.877652892698592e-08,ok
6503,3.1614711194447476e-05,0.07748494701161636,6.23277074252082e-11,0.07710455252428572,3.161464886674005e-05,ok
6512,0.016966794883061725,0.07134752546614179,0.016966491996323274,0.07184363803974847,3.0288673845066394e-07,ok
6520,4.979787775133856e-05,1.811306533608181,1.760082049184994e-09,1.811391444591945,4.979611766928938e-05,ok
6570,3.065129946848299e-05,-1.9540015845404648,4.522577910587491e-09,-1.9540478843381262,3.0646776890572406e-05,ok
6576,0.011466149829404334,-0.05600397160245538,0.011466034195718722,-0.055711006660096096,1.1563368561111342e-07,ok
6581,0.011585380818962527,0.03912606235240032,0.011585081845326025,0.03951363772105321,2.9897363650228936e-07,ok
6595,0.020522442248058128,0.06674445930703587,0.020521905561288994,0.06612185105116586,5.366867691335153e-07,ok
6608,0.00015704400411729806,-0.21864564255753136,2.7044723783791205e-10,-0.2190630409790173,0.00015704373367006022,ok
6612,0.0049514333528827064,0.019179442329607985,0.004950047245387926,0.018569749323568363,1.38610749478036e-06,ok
6622,0.00061276644857735,0.0023015330795529317,0.0005925096541079182,0.001579931816019009,2.025679446943183e-05,ok
6645,7.961807762798893e-05,-1.8266500874718674,3.9215507363857794e-09,-1.826827157251125,7.961415607725254e-05,ok
6646,0.3093806698923982,-0.4242492643309293,0.30937972389574964,-0.4249135236888746,9.459966485714233e-07,ok
6654,0.00012842308106654395,-1.8297187982446048,2.389493451361826e-09,-1.8300031273640753,0.0001284206915730926,ok
6662,0.005922542871106419,0.13272174092088745,0.005921820263497783,0.1334478397869554,7.226076086360236e-07,ok
6676,0.019998774738500605,0.0606070377615613,0.019998768408739997,0.060541780503605036,6.329760608020374e-09,ok
6677,0.019549437679542567,0.08975979010256549,0.01954928680825256,0.08938861649774221,1.5087129000626587e-07,ok
6692,5.51466806812125e-05,0.04986655005698081,3.457879399784084e-11,0.04945418415468783,5.5146646102418505e-05,ok
6710,0.025702116265550357,-0.06981317007977315,0.025701974160298024,-0.06949297137197519,1.4210525233274152e-07,ok
6711,0.022140004946763946,0.0606070377615613,0.022139693266279716,0.06106246381630953,3.116804842308307e-07,ok
6712,0.017296853207470122,0.12504996398904425,0.01729669265436899,0.1246389638036769,1.6055310113338717e-07,ok
6714,0.0448974681437437,2.1550021401547568,0.044897420243641226,2.154919642102344,4.7900102474740525e-08,ok
6717,0.009150912997468934,-1.8895586583129818,0.00914990399800436,-1.8890723871357176,1.008999464573862e-06,ok
6725,0.00015944370036893022,0.2968977672623321,9.57864727461424e-10,0.2972062610931614,0.00015944274250420277,ok
6726,6.07057483270316e-06,-0.3490658503988659,7.387694358041013e-10,-0.34905579904029027,6.069836063267357e-06,ok
6731,0.00016533793360769196,-1.9263831875858293,1.5425763247622455e-09,-1.9259685803498536,0.0001653363910313672,ok
6732,2.639039922629914e-05,-1.9125739891085114,1.3702710052921797e-09,-1.9127280927527543,2.638902895529385e-05,ok
6733,0.06293545432942424,1.888024302926613,0.06293307927389324,1.8873888474571698,2.3750555309953736e-06,ok
6737,2.9386590263714706e-05,1.8404592859491853,4.459760088986384e-09,1.8403804244920483,2.938213050362572e-05,ok
6757,0.00036203667569796973,-0.18028675789831533,0.00036188015076304855,-0.18000854176991155,1.5652493492117727e-07,ok
6796,0.023686868880949973,-0.06521010392066723,0.023686160995337168,-0.06451037927299241,7.078856128044098e-07,ok
6808,0.02125701917398625,0.05907268237519266,0.021256836599256243,0.05941842737339442,1.825747300079894e-07,ok
6812,0.0020255918373395894,-1.8987647906311935,0.002025367209052305,-1.8989785045629146,2.2462828728423562e-07,ok
6813,0.4166815879550191,-0.4181118427854547,0.41668141664707153,-0.4184421058207981,1.7130794754960377e-07,ok
6814,4.45124307802636e-05,-0.17108062558010348,8.175320814378081e-11,-0.17133802302948853,4.451234902705546e-05,ok
6820,0.0002480760094305885,1.815909599767287,7.346167719854528e-09,1.815462885271268,0.0002480686632628686,ok
6840,0.02059059151582903,-0.05907268237519266,0.020590117205189176,-0.05851648010906363,4.74310639854425e-07,ok
6846,0.00010704305243295559,-0.16034013787552298,3.8975305540544566e-10,-0.16008626352794986,0.00010704266267990018,ok
6866,2.7772368063055285e-05,-0.03298864080692576,5.4490732183016935e-12,-0.033270040366797815,2.7772362613982065e-05,ok
6868,0.00013297737794164106,-0.26314194876222197,1.4834640121259185e-10,-0.2634798733800552,0.00013297722959523984,ok
6887,0.009366942822256755,0.07595059162524771,0.009366537893931102,0.07533532649563979,4.049283256531838e-07,ok
6907,0.04763193023248439,0.11891254244356968,0.04763174791132138,0.11931110195547401,1.8232116300725965e-07,ok
6916,0.23724864723916883,0.42578361971729795,0.23724840058078053,0.42548378971336653,2.46658388297627e-07,ok
6931,0.020403267695779995,-0.08362236855709092,0.020403091567077963,-0.08323866338464159,1.7612870203270736e-07,ok
6936,1.2358507934044015e-05,-0.11891254244356968,1.5179796069884462e-11,-0.11884045601738924,1.2358492754247945e-05,ok
6942,0.00011268853738641263,1.8343218644037107,5.2254847570022596e-09,1.8340789378574893,0.00011268331190165563,ok
6946,0.0024448569483496766,1.8956960798584563,0.00244463988550203,1.8954772747372362,2.1706284764663047e-07,ok
6951,0.010689526780633944,0.06367574853429858,0.010689337517660597,0.06407479242651348,1.8926297334735664e-07,ok
6955,0.03261287798876871,2.332987364973519,0.03261256018271079,2.3331577336758578,3.17806057921477e-07,ok
6965,0.10893222872966564,0.4303866858764039,0.10892921994295889,0.42966057141121494,3.0087867067540852e-06,ok
6966,0.3598231818531955,0.42885233049003524,0.35982288641455556,0.4292455858432973,2.9543863994119235e-07,ok
6976,0.016266310867639012,-0.06521010392066723,0.016266250902271896,-0.06499622731775379,5.996536711627698e-08,ok
6992,9.42369182315913e-06,-0.016110731556870705,1.233608191665597e-12,-0.01672301789209607,9.423690589550939e-06,ok
7030,0.00028677624155358126,-1.854268484426503,1.239213232252797e-09,-1.8549683210878591,0.000286775002340349,ok
7045,0.00022494023049208936,1.8450623521082912,2.249961350534706e-10,1.8455890724592576,0.0002249400054959543,ok
7052,3.612069701506742e-05,-1.825115732085499,3.995477388519481e-09,-1.8250444412257014,3.6116701537678905e-05,ok
7065,0.43729045348417844,-0.41964619817182336,0.43729044579165577,-0.4197175407519276,7.692522674407343e-09,ok
7083,8.28376892145966e-05,-1.8650089721310836,6.023861840184213e-10,-1.8646933162946129,8.283708682841258e-05,ok
7085,0.02347053785246458,2.458804506655748,0.023465498570166787,2.4593233281511537,5.0392822977946006e-06,ok
7122,0.0012073598245522232,-0.27388243646680244,0.0012066413672719102,-0.2734471935198486,7.184572803130371e-07,ok
7133,1.992505203482419e-05,-1.8389249305628166,2.7481881921698103e-09,-1.8389866694704793,1.9922303846632018e-05,ok
7137,0.003107211007860933,-1.8864899475402446,0.0031054732105451907,-1.8871093617522228,1.737797315742428e-06,ok
7144,0.3235632593424031,-0.42885233049003524,0.32356305714715256,-0.4285424666537234,2.021952505426583e-07,ok
7149,0.45499392295816765,0.4273179751036666,0.454993258555269,0.4279804907827316,6.644028986424466e-07,ok
7155,0.07410283549141,-0.42885233049003524,0.07410283253412656,-0.42887197045127934,2.9572834459035136e-09,ok
7180,1.2980567273143233e-05,-1.9125739891085114,8.374514961754532e-10,-1.9124766925423164,1.2979729821647058e-05,ok
7202,0.005613525420961557,-0.18028675789831533,0.005613492349367909,-0.18041797584871233,3.307159364765444e-08,ok
7208,6.608274153268491e-05,0.3567376273307091,4.5627905887680686e-10,0.3565805225376377,6.608228525362604e-05,ok
7223,0.33892607261517915,-0.4273179751036666,0.33892587525943485,-0.42700353151873216,1.9735574430246317e-07,ok
7236,9.846821217960034e-05,0.27081372569406514,3.6964568389156027e-10,0.27052402698441336,9.846784253391644e-05,ok
7240,0.1891655505850057,-0.2278517748757432,0.18916548336084987,-0.22810438055655347,6.722415582527397e-08,ok
7267,0.11250711538479258,-0.2646763041485906,0.1125071153023819,-0.2646850954271729,8.24106755059617e-11,ok
7284,0.00011820828970982281,1.8312531536309735,1.8683989836279396e-09,1.8314944489565494,0.00011820642131083919,ok
7286,0.0007553760537892439,1.8910930136993505,0.0007553498018528549,1.8911690216223862,2.6251936388935714e-08,ok
7290,4.456589709645367e-05,0.28462292417138296,2.9837275726317494e-10,0.28479634517337393,4.456559872369641e-05,ok
7294,0.0001443561642153136,-1.8343218644037107,2.3807467490951793e-09,-1.834032460226579,0.0001443537834685645,ok
7303,0.00426827425682257,-1.9033678567902996,0.004268090171828391,-1.9032292268459086,1.840849941786571e-07,ok
7304,0.3256481262373134,-0.4089057104672429,0.3256472892964156,-0.40823391949815946,8.369408977526582e-07,ok
7307,0.4267621445214178,-0.4273179751036666,0.42676182696305975,-0.4268728140254163,3.175583580539154e-07,ok
7348,0.03392764006513025,-2.078284370836325,0.03392730266436442,-2.078471779223675,3.374007658332734e-07,ok
7350,0.00023403544512832984,-1.8205126659263928,3.237594806733184e-09,-1.8209428616285381,0.00023403220753352312,ok
7382,0.05390523697738845,-1.9984978907451554,0.05390398466419975,-1.9980916138892986,1.252313188697396e-06,ok
7388,5.094085193710335e-05,1.8266500874718674,5.746455691481616e-09,1.8265440667600332,5.0935105481411873e-05,ok
7411,0.0017583665143421708,-0.2171112871711627,0.0017583576943887343,-0.21705277925538846,8.819953436437628e-09,ok
7412,2.922674138146394e-05,-0.10356898857988325,2.676913818816116e-12,-0.10367852183840442,2.922673870455012e-05,ok
7433,0.3296497325070089,-0.39663086737629377,0.32964910017634214,-0.39602369179018027,6.323306667721518e-07,ok
