point_id,kBT,J_A,Delta_opt,q_opt,thermo_phase_code,thermo_phase,trusted_exact,training_eligible_exact,rerun_required,q_unresolved,delta_unresolved,pilot_source
4164,0.2053333333333333,0.006625,0.5029067242396476,-0.004622977970583555,1,uniform_SC,1,1,0,0,0,dataset_iter035
4489,0.4923333333333334,0.0,0.36385969096363613,3.754693366708403e-05,1,uniform_SC,1,1,0,0,0,dataset_iter035
4432,0.392,0.01325,0.5009021301166103,-0.009283502874834197,1,uniform_SC,1,1,0,0,0,dataset_iter035
5676,0.5343333333333333,0.0,0.23157894736842102,0.0,1,uniform_SC,1,1,0,0,0,dataset_iter035
2735,0.5086666666666667,0.0,0.32235542947519047,-3.754693366708403e-05,1,uniform_SC,1,1,0,0,0,dataset_iter035
1841,0.4293333333333333,0.01325,0.4666161647859214,-0.009283502874834197,1,uniform_SC,1,1,0,0,0,dataset_iter035
3605,0.5296666666666667,0.0,0.25157857080095897,3.754693366708403e-05,1,uniform_SC,1,1,0,0,0,dataset_iter035
2990,0.4246666666666667,0.0,0.4718298668206409,-3.754693366708403e-05,1,uniform_SC,1,1,0,0,0,dataset_iter035
4480,0.245,0.01325,0.5213537600261087,-0.009208409007500029,1,uniform_SC,1,1,0,0,0,dataset_iter035
3916,0.3546666666666667,0.01325,0.5214539269710169,-0.009208409007500029,1,uniform_SC,1,1,0,0,0,dataset_iter035
4316,0.2403333333333333,0.006625,0.5196496667377961,-0.004622977970583555,1,uniform_SC,1,1,0,0,0,dataset_iter035
4460,0.4176666666666667,0.006625,0.4790481629783976,-0.004622977970583555,1,uniform_SC,1,1,0,0,0,dataset_iter035
1108,0.154,0.0,0.4676190894598767,-3.754693366708403e-05,1,uniform_SC,1,1,0,0,0,dataset_iter035
2153,0.2356666666666667,0.0,0.5178441512797018,-3.754693366708403e-05,1,uniform_SC,1,1,0,0,0,dataset_iter035
1184,0.098,0.0,0.4220054727804486,3.754693366708403e-05,1,uniform_SC,1,1,0,0,0,dataset_iter035
1966,0.4246666666666667,0.01325,0.4717296998757327,-0.009283502874834197,1,uniform_SC,1,1,0,0,0,dataset_iter035
5307,0.105,0.006625,0.427418253480111,-0.004622977970583555,1,uniform_SC,1,1,0,0,0,dataset_iter035
4543,0.161,0.0,0.4730331253844126,-3.754693366708403e-05,1,uniform_SC,1,1,0,0,0,dataset_iter035
2833,0.4993333333333333,0.01325,0.3469176698005448,-0.009283502874834197,1,uniform_SC,1,1,0,0,0,dataset_iter035
2390,0.5273333333333334,0.006625,0.26070129413684456,-0.004622977970583555,1,uniform_SC,1,1,0,0,0,dataset_iter035
4995,0.0863333333333333,0.0,0.41358391805892025,-3.754693366708403e-05,1,uniform_SC,1,1,0,0,0,dataset_iter035
1989,0.4596666666666667,0.006625,0.42591449408161475,-0.004622977970583555,1,uniform_SC,1,1,0,0,0,dataset_iter035
4676,0.0256666666666666,0.01325,0.39774498851469237,-0.009208409007500029,1,uniform_SC,1,1,0,0,0,dataset_iter035
4866,0.0676666666666666,0.006625,0.40335810310417114,-0.004622977970583555,1,uniform_SC,1,1,0,0,0,dataset_iter035
1190,0.231,0.01325,0.5158395571566645,-0.009208409007500029,1,uniform_SC,1,1,0,0,0,dataset_iter035
1761,0.0,0.0,0.3978451554596006,-0.004022227031910214,1,uniform_SC,1,1,0,0,0,dataset_iter035
4690,0.518,0.006625,0.29388416784867005,-0.004622977970583555,1,uniform_SC,1,1,0,0,0,dataset_iter035
5104,0.4223333333333334,0.006625,0.4743352956682189,-0.004622977970583555,1,uniform_SC,1,1,0,0,0,dataset_iter035
4433,0.5156666666666667,0.006625,0.30140296484115126,-0.004622977970583555,1,uniform_SC,1,1,0,0,0,dataset_iter035
3089,0.2263333333333333,0.01325,0.5137347960887192,-0.009208409007500029,1,uniform_SC,1,1,0,0,0,dataset_iter035
2740,0.3313333333333333,0.01325,0.5284706340140836,-0.009208409007500029,1,uniform_SC,1,1,0,0,0,dataset_iter035
5091,0.1586666666666666,0.0,0.4712276099263183,-3.754693366708403e-05,1,uniform_SC,1,1,0,0,0,dataset_iter035
1215,0.3733333333333333,0.01325,0.512731871414764,-0.009283502874834197,1,uniform_SC,1,1,0,0,0,dataset_iter035
1084,0.112,0.01325,0.4331327902393714,-0.009208409007500029,1,uniform_SC,1,1,0,0,0,dataset_iter035
4330,0.1773333333333333,0.006625,0.48506320057238256,-0.004622977970583555,1,uniform_SC,1,1,0,0,0,dataset_iter035
3959,0.0723333333333333,0.0,0.40546411939698995,-3.754693366708403e-05,1,uniform_SC,1,1,0,0,0,dataset_iter035
3069,0.357,0.01325,0.5205511692419698,-0.009208409007500029,1,uniform_SC,1,1,0,0,0,dataset_iter035
3392,0.322,0.0,0.5302761494721778,-3.754693366708403e-05,1,uniform_SC,1,1,0,0,0,dataset_iter035
4153,0.4363333333333333,0.006625,0.4583961991790829,-0.004622977970583555,1,uniform_SC,1,1,0,0,0,dataset_iter035
4225,0.546,0.006625,0.16877163693875757,-0.004622977970583555,1,uniform_SC,1,1,0,0,0,dataset_iter035
4228,0.406,0.006625,0.48987497960259574,-0.004622977970583555,1,uniform_SC,1,1,0,0,0,dataset_iter035
4224,0.0093333333333333,0.01325,0.39774498851469237,-0.009208409007500029,1,uniform_SC,1,1,0,0,0,dataset_iter035
3133,0.007,0.0,0.3978451554596006,-3.754693366708403e-05,1,uniform_SC,1,1,0,0,0,dataset_iter035
4450,0.5553333333333333,0.006625,0.08596470307655615,-0.004622977970583555,1,uniform_SC,1,1,0,0,0,dataset_iter035
3290,0.525,0.006625,0.2695235166380057,-0.004622977970583555,1,uniform_SC,1,1,0,0,0,dataset_iter035
3433,0.2963333333333333,0.006625,0.5315783197559842,-0.004622977970583555,1,uniform_SC,1,1,0,0,0,dataset_iter035
2846,0.3056666666666667,0.01325,0.5315783197559842,-0.009208409007500029,1,uniform_SC,1,1,0,0,0,dataset_iter035
5536,0.133,0.006625,0.45057690135187717,-0.004622977970583555,1,uniform_SC,1,1,0,0,0,dataset_iter035
1235,0.3476666666666667,0.0,0.5241609449332848,-3.754693366708403e-05,1,uniform_SC,1,1,0,0,0,dataset_iter035
3539,0.511,0.01325,0.3153387224321237,-0.009283502874834197,1,uniform_SC,1,1,0,0,0,dataset_iter035
5248,0.1563333333333333,0.0,0.4694233496930975,-3.754693366708403e-05,1,uniform_SC,1,1,0,0,0,dataset_iter035
1427,0.0373333333333333,0.0,0.3978451554596006,-3.754693366708403e-05,1,uniform_SC,1,1,0,0,0,dataset_iter035
995,0.2846666666666667,0.006625,0.5307769841967188,-0.004622977970583555,1,uniform_SC,1,1,0,0,0,dataset_iter035
4764,0.5226666666666667,0.0,0.2780452383044422,-3.754693366708403e-05,1,uniform_SC,1,1,0,0,0,dataset_iter035
4078,0.4386666666666667,0.0,0.4555890142719068,-3.754693366708403e-05,1,uniform_SC,1,1,0,0,0,dataset_iter035
3952,0.0583333333333333,0.0,0.40025041736227046,-3.754693366708403e-05,1,uniform_SC,1,1,0,0,0,dataset_iter035
3410,0.4433333333333333,0.0,0.4495739766779218,-3.754693366708403e-05,1,uniform_SC,1,1,0,0,0,dataset_iter035
3165,0.021,0.01325,0.39774498851469237,-0.009208409007500029,1,uniform_SC,1,1,0,0,0,dataset_iter035
4664,0.2776666666666667,0.006625,0.5297740595227635,-0.004622977970583555,1,uniform_SC,1,1,0,0,0,dataset_iter035
2977,0.3196666666666667,0.01325,0.5304764833619943,-0.009208409007500029,1,uniform_SC,1,1,0,0,0,dataset_iter035
1906,0.28,0.01325,0.5300758155823615,-0.009208409007500029,1,uniform_SC,1,1,0,0,0,dataset_iter035
3625,0.028,0.006625,0.3978451554596006,-0.004622977970583555,1,uniform_SC,1,1,0,0,0,dataset_iter035
3349,0.2076666666666667,0.0,0.5043103166932357,3.754693366708403e-05,1,uniform_SC,1,1,0,0,0,dataset_iter035
2912,0.518,0.01325,0.2936838339588537,-0.009283502874834197,1,uniform_SC,1,1,0,0,0,dataset_iter035
2140,0.0,0.03975,0.3975433994000025,-0.03274102026028776,2,FFLO,1,1,0,0,0,dataset_iter035
4255,0.07,1.09975,0.07393462788858624,-0.6474050269603923,2,FFLO,1,1,0,0,0,dataset_iter035
6189,0.098,0.629375,0.22350923217894483,-0.3088338806967356,2,FFLO,1,1,0,0,0,dataset_iter035
1439,0.0046666666666666,0.7552500000000001,0.1072176685453199,-0.3213135780628041,2,FFLO,1,1,0,0,0,dataset_iter035
3335,0.4806666666666667,0.205375,0.34711800369036117,-0.1455276802770381,2,FFLO,1,1,0,0,0,dataset_iter035
981,0.007,0.7155,0.1153387224321237,-0.29830662388135554,2,FFLO,1,1,0,0,0,dataset_iter035
4308,0.119,0.7221250000000001,0.12375902192877854,-0.31988679458345487,2,FFLO,1,1,0,0,0,dataset_iter035
5101,0.287,0.62275,0.2411524219563935,-0.4543240140401065,2,FFLO,1,1,0,0,0,dataset_iter035
2391,0.147,0.523375,0.39894699185359056,-0.36740728542256773,2,FFLO,1,1,0,0,0,dataset_iter035
3132,0.2333333333333333,0.053,0.5163403918812055,-0.03703078095739981,2,FFLO,1,1,0,0,0,dataset_iter035
1144,0.2776666666666667,0.178875,0.5198500006276124,-0.12582485625829282,2,FFLO,1,1,0,0,0,dataset_iter035
7167,0.07,1.159375,0.056390349831172255,-0.7323693150272428,2,FFLO,1,1,0,0,0,dataset_iter035
2522,0.0116666666666666,1.57675,0.03513738436240852,-1.4680052132835113,2,FFLO,1,1,0,0,0,dataset_iter035
6873,0.0186666666666666,1.378,0.05739327450512759,-1.1128945956882168,2,FFLO,1,1,0,0,0,dataset_iter035
2318,0.0023333333333333,0.94075,0.08365960811879448,-0.46236846810392696,2,FFLO,1,1,0,0,0,dataset_iter035
7390,0.532,0.112625,0.21969912259781338,-0.07898491535471974,2,FFLO,1,1,0,0,0,dataset_iter035
632,0.4153333333333334,0.212,0.45218082769528156,-0.15018820518128864,2,FFLO,1,1,0,0,0,dataset_iter035
5684,0.0,0.616125,0.1518296157756662,-0.2585349167662586,2,FFLO,1,1,0,0,0,dataset_iter035
1943,0.147,0.70225,0.1154388893770319,-0.33575042110909314,2,FFLO,1,1,0,0,0,dataset_iter035
5812,0.518,0.1855,0.2434587721390287,-0.13109083723074905,2,FFLO,1,1,0,0,0,dataset_iter035
5514,0.2496666666666666,0.0265,0.5228575194246049,-0.018459070078199278,2,FFLO,1,1,0,0,0,dataset_iter035
3837,0.469,0.1855,0.3799002096225539,-0.13101574336341487,2,FFLO,1,1,0,0,0,dataset_iter035
5437,0.091,0.94075,0.06811992418441763,-0.4640956270526128,2,FFLO,1,1,0,0,0,dataset_iter035
2823,0.1913333333333333,0.03975,0.4942860908531763,-0.027780119886700563,2,FFLO,1,1,0,0,0,dataset_iter035
7232,0.014,1.3713750000000002,0.05428558876322692,-1.1007903676588193,2,FFLO,1,1,0,0,0,dataset_iter035
2384,0.154,0.7155,0.06701808779042764,-0.3423680916935644,2,FFLO,1,1,0,0,0,dataset_iter035
7416,0.469,0.3975,0.2220054727804486,-0.29297025417109734,2,FFLO,1,1,0,0,0,dataset_iter035
3453,0.2543333333333333,0.033125,0.5241609449332848,-0.02311959498244992,2,FFLO,1,1,0,0,0,dataset_iter035
3871,0.3523333333333334,0.019875,0.5222552625302823,-0.013873639041282915,2,FFLO,1,1,0,0,0,dataset_iter035
3568,0.0046666666666666,0.03975,0.3975433994000025,-0.027780119886700563,2,FFLO,1,1,0,0,0,dataset_iter035
3135,0.2076666666666667,0.019875,0.5042101497483275,-0.013873639041282915,2,FFLO,1,1,0,0,0,dataset_iter035
3217,0.469,0.258375,0.3475186714699939,-0.1846235425861274,2,FFLO,1,1,0,0,0,dataset_iter035
868,0.5413333333333333,0.159,0.13368433604880312,-0.11199346928020934,2,FFLO,1,1,0,0,0,dataset_iter035
5899,0.0116666666666666,1.4045,0.0492734758431973,-1.161992057741346,2,FFLO,1,1,0,0,0,dataset_iter035
792,0.0163333333333333,0.7817500000000001,0.10451190580792548,-0.33770756678931374,2,FFLO,1,1,0,0,0,dataset_iter035
5351,0.014,1.5966250000000002,0.03433604880314308,-1.5007884856069977,2,FFLO,1,1,0,0,0,dataset_iter035
2231,0.4853333333333334,0.072875,0.37408550591838524,-0.050941966932349696,2,FFLO,1,1,0,0,0,dataset_iter035
3558,0.42,0.54325,0.09679151970075438,-0.4149230711321483,2,FFLO,1,1,0,0,0,dataset_iter035
2104,0.504,0.311375,0.18922326684825586,-0.2250757996367641,2,FFLO,1,1,0,0,0,dataset_iter035
4347,0.2916666666666667,0.6558750000000001,0.11493679942761746,-0.47507344707199795,2,FFLO,1,1,0,0,0,dataset_iter035
2698,0.4993333333333333,0.019875,0.34671733591072845,-0.013873639041282915,2,FFLO,1,1,0,0,0,dataset_iter035
5996,0.0023333333333333,1.450875,0.03844665921899907,-1.248908786358883,2,FFLO,1,1,0,0,0,dataset_iter035
1890,0.049,0.072875,0.3978451554596006,-0.050941966932349696,2,FFLO,1,1,0,0,0,dataset_iter035
6084,0.3756666666666667,0.5763750000000001,0.18451165476295076,-0.4391362323204758,2,FFLO,1,1,0,0,0,dataset_iter035
1067,0.511,0.245125,0.228821845933699,-0.17485192957362122,2,FFLO,1,1,0,0,0,dataset_iter035
869,0.3593333333333333,0.377625,0.4383464922740909,-0.27469891876123353,2,FFLO,1,1,0,0,0,dataset_iter035
5392,0.4666666666666667,0.43725,0.15944857971305557,-0.32575352649458444,2,FFLO,1,1,0,0,0,dataset_iter035
3507,0.2333333333333333,0.523375,0.40496202944757553,-0.3765781474964007,2,FFLO,1,1,0,0,0,dataset_iter035
1757,0.0373333333333333,0.019875,0.3978451554596006,-0.013873639041282915,2,FFLO,1,1,0,0,0,dataset_iter035
2668,0.0,0.954,0.0823561826101146,-0.475453621538201,2,FFLO,1,1,0,0,0,dataset_iter035
3485,0.1073333333333333,0.6095,0.27493755256254154,-0.34507617604712665,2,FFLO,1,1,0,0,0,dataset_iter035
6412,0.5203333333333334,0.2385,0.19052669235693573,-0.16996141793783584,2,FFLO,1,1,0,0,0,dataset_iter035
6436,0.021,1.378,0.05864661654135338,-1.1127819548872155,2,FFLO,1,1,0,0,0,dataset_iter035
3883,0.0186666666666666,1.5966250000000002,0.033533458019004106,-1.5006382978723294,2,FFLO,1,1,0,0,0,dataset_iter035
1325,0.42,0.178875,0.4557893481617232,-0.1262050307244959,2,FFLO,1,1,0,0,0,dataset_iter035
6808,0.2356666666666667,0.6426250000000001,0.23273212245973865,-0.43687871117091864,2,FFLO,1,1,0,0,0,dataset_iter035
7297,0.1796666666666666,0.6890000000000001,0.10350898113397014,-0.37139196552081083,2,FFLO,1,1,0,0,0,dataset_iter035
5264,0.1166666666666666,0.457125,0.4131832502792875,-0.32988839432749584,2,FFLO,1,1,0,0,0,dataset_iter035
5513,0.0326666666666666,1.331625,0.06561449533683959,-1.02687899347869,2,FFLO,1,1,0,0,0,dataset_iter035
2120,0.434,0.139125,0.44786988338960926,-0.0977068139685886,2,FFLO,1,1,0,0,0,dataset_iter035
422,0.175,0.086125,0.4826566834448391,-0.06018792287351671,2,FFLO,1,1,0,0,0,dataset_iter035
2861,0.0723333333333333,0.019875,0.4053639524520818,-0.013873639041282915,2,FFLO,1,1,0,0,0,dataset_iter035
4890,0.455,0.46375,0.15764431947983482,-0.3477842604006888,2,FFLO,1,1,0,0,0,dataset_iter035
4624,0.2426666666666667,0.54325,0.3861155811063552,-0.39139045987936044,2,FFLO,1,1,0,0,0,dataset_iter035
306,0.182,0.5035000000000001,0.4176945284747762,-0.35748077954586094,2,FFLO,1,1,0,0,0,dataset_iter035
6214,0.0233333333333333,1.3515,0.06240538742515721,-1.0637971336350875,2,FFLO,1,1,0,0,0,dataset_iter035
3557,0.28,0.0265,0.5299743934125798,-0.018459070078199278,2,FFLO,1,1,0,0,0,dataset_iter035
7335,0.0093333333333333,1.378,0.04897297500847276,-1.1131198772902193,2,FFLO,1,1,0,0,0,dataset_iter035
3346,0.042,1.3978750000000002,0.044361529868075865,-1.1480808717663964,2,FFLO,1,1,0,0,0,dataset_iter035
4848,0.4876666666666667,0.125875,0.35844565503910025,-0.08838576416008732,2,FFLO,1,1,0,0,0,dataset_iter035
7184,0.4503333333333333,0.477,0.1477190053598102,-0.35890756302521015,2,FFLO,1,1,0,0,0,dataset_iter035
1124,0.2823333333333334,0.14575,0.5238591888736868,-0.10229224500550507,2,FFLO,1,1,0,0,0,dataset_iter035
6012,0.2146666666666666,0.6757500000000001,0.12335835414914581,-0.41673002907770057,2,FFLO,1,1,0,0,0,dataset_iter035
4301,0.3103333333333333,0.033125,0.5309773180865351,-0.02311959498244992,2,FFLO,1,1,0,0,0,dataset_iter035
5340,0.2753333333333334,0.0265,0.5292732247982226,-0.018459070078199278,2,FFLO,1,1,0,0,0,dataset_iter035
924,0.0046666666666666,0.934125,0.08436077673315175,-0.45920982054635967,2,FFLO,1,1,0,0,0,dataset_iter035
6039,0.5063333333333334,0.22525,0.2624053874251572,-0.1601147110579955,2,FFLO,1,1,0,0,0,dataset_iter035
5912,0.0746666666666666,1.132875,0.05167873774586717,-0.6928932782519502,2,FFLO,1,1,0,0,0,dataset_iter035
2701,0.0023333333333333,0.059625,0.39724289856527795,-0.04131583652497961,2,FFLO,1,1,0,0,0,dataset_iter035
1405,0.0606666666666666,1.219,0.060000125522487346,-0.8274806854432704,2,FFLO,1,1,0,0,0,dataset_iter035
6872,0.0116666666666666,1.3978750000000002,0.049774310567738206,-1.1498127358446144,2,FFLO,1,1,0,0,0,dataset_iter035
3149,0.4433333333333333,0.4902500000000001,0.14842142919904097,-0.3700355707792636,2,FFLO,1,1,0,0,0,dataset_iter035
3850,0.511,0.125875,0.2956896833067644,-0.08838576416008732,2,FFLO,1,1,0,0,0,dataset_iter035
2965,0.0,0.934125,0.08426060978824357,-0.4572573799956713,2,FFLO,1,1,0,0,0,dataset_iter035
7424,0.4573333333333333,0.046375,0.4279203434295254,-0.032370256053149166,2,FFLO,1,1,0,0,0,dataset_iter035
4706,0.3756666666666667,0.0265,0.5111279450713595,-0.018459070078199278,2,FFLO,1,1,0,0,0,dataset_iter035
4408,0.518,0.099375,0.2805519223768938,-0.0695887716788844,2,FFLO,1,1,0,0,0,dataset_iter035
6860,0.0093333333333333,1.60325,0.03152886389596696,-1.5116912117590484,2,FFLO,1,1,0,0,0,dataset_iter035
2621,0.1283333333333333,0.053,0.44656645788092936,-0.03703078095739981,2,FFLO,1,1,0,0,0,dataset_iter035
2194,0.4736666666666667,0.2915,0.31563922326684823,-0.20958764244779657,2,FFLO,1,1,0,0,0,dataset_iter035
5480,0.1213333333333333,0.629375,0.24516286542734128,-0.33575042110909314,2,FFLO,1,1,0,0,0,dataset_iter035
7026,0.4853333333333334,0.053,0.3764907678210551,-0.03703078095739981,2,FFLO,1,1,0,0,0,dataset_iter035
3849,0.378,0.0265,0.5098245195626796,-0.018459070078199278,2,FFLO,1,1,0,0,0,dataset_iter035
5081,0.4783333333333334,0.019875,0.39293195425960564,-0.013873639041282915,2,FFLO,1,1,0,0,0,dataset_iter035
852,0.0,1.3713750000000002,0.045864034041698566,-1.1011658369954902,2,FFLO,1,1,0,0,0,dataset_iter035
480,0.0093333333333333,0.298125,0.3830078953644545,-0.2131217593420347,2,FFLO,1,1,0,0,0,dataset_iter035
523,0.0,0.7552500000000001,0.10731783549022808,-0.3231956298756905,2,FFLO,1,1,0,0,0,dataset_iter035
1684,0.0,0.94075,0.08375977506370266,-0.4713140485757573,2,FFLO,1,1,0,0,0,dataset_iter035
1308,0.0,0.457125,0.3566413948058795,-0.3343987314970781,2,FFLO,1,1,0,0,0,dataset_iter035
1531,0.0,0.019875,0.39774498851469237,-0.016797594737783212,2,FFLO,1,1,0,0,0,dataset_iter035
1273,0.0,0.424,0.36395985790854435,-0.30718181561538394,2,FFLO,1,1,0,0,0,dataset_iter035
1503,0.0,1.464125,0.03724340065522738,-1.266579370830073,2,FFLO,1,1,0,0,0,dataset_iter035
1002,0.0,0.7618750000000001,0.1060144099815482,-0.32417185015103467,2,FFLO,1,1,0,0,0,dataset_iter035
1457,0.0,1.166,0.06441123677306788,-0.7509363207769111,2,FFLO,1,1,0,0,0,dataset_iter035
930,0.0,0.0795,0.39684223078564523,-0.05732965078528619,2,FFLO,1,1,0,0,0,dataset_iter035
797,0.0,0.106,0.39603964000150627,-0.07860003575898453,2,FFLO,1,1,0,0,0,dataset_iter035
1146,0.0,0.43725,0.3612528399462764,-0.3174790856992294,2,FFLO,1,1,0,0,0,dataset_iter035
960,0.0,0.99375,0.07894674080861586,-0.5273295566826955,2,FFLO,1,1,0,0,0,dataset_iter035
834,0.0,0.960625,0.08195425960560834,-0.4919179990025126,2,FFLO,1,1,0,0,0,dataset_iter035
833,0.0,0.046375,0.39744323245509433,-0.02725916794489352,2,FFLO,1,1,0,0,0,dataset_iter035
677,0.0,1.23225,0.05869670001380747,-0.8520693159682686,2,FFLO,1,1,0,0,0,dataset_iter035
1700,0.0,0.8347500000000001,0.09528776030225813,-0.37808472997261616,2,FFLO,1,1,0,0,0,dataset_iter035
1971,0.0,0.8943750000000001,0.08827105325919138,-0.42078980304327773,2,FFLO,1,1,0,0,0,dataset_iter035
1182,0.0,0.6691250000000001,0.12827030012426727,-0.27890888046147916,2,FFLO,1,1,0,0,0,dataset_iter035
1825,0.0,1.0533750000000002,0.07383446094367806,-0.5820684690449529,2,FFLO,1,1,0,0,0,dataset_iter035
1109,0.0,1.106375,0.06942334969309752,-0.6659767378395927,2,FFLO,1,1,0,0,0,dataset_iter035
1615,0.0,0.920875,0.0856642022418316,-0.45139064808454177,2,FFLO,1,1,0,0,0,dataset_iter035
6051,0.5553333333333333,0.059625,0.06661616478592139,-0.04169130586165045,2,FFLO,1,1,0,0,0,dataset_iter035
2508,0.5553333333333333,0.0,0.08616503696637251,-3.754693366708403e-05,1,uniform_SC,1,1,0,0,0,dataset_iter035
2847,0.553,0.019875,0.11162877979590043,-0.013873639041282915,2,FFLO,1,1,0,0,0,dataset_iter035
2791,0.553,0.09275,0.07463705172781704,-0.06492354164510152,2,FFLO,1,1,0,0,0,dataset_iter035
2606,0.5506666666666667,0.0,0.13448567160806857,3.754693366708403e-05,1,uniform_SC,1,1,0,0,0,dataset_iter035
7063,0.553,0.059625,0.09909786988338962,-0.04169130586165045,2,FFLO,1,1,0,0,0,dataset_iter035
1448,0.5553333333333333,0.019875,0.08426060978824357,-0.013873639041282915,2,FFLO,1,1,0,0,0,dataset_iter035
4091,0.553,0.086125,0.08105275710143471,-0.06026301674085087,2,FFLO,1,1,0,0,0,dataset_iter035
231,0.5506666666666667,0.072875,0.11694264877552812,-0.050941966932349696,2,FFLO,1,1,0,0,0,dataset_iter035
1826,0.5506666666666667,0.006625,0.13438550466316038,-0.004622977970583555,1,uniform_SC,1,1,0,0,0,dataset_iter035
3109,0.5506666666666667,0.019875,0.1332836682691704,-0.013873639041282915,2,FFLO,1,1,0,0,0,dataset_iter035
3259,0.553,0.0795,0.08656695997087877,-0.05560249183660034,2,FFLO,1,1,0,0,0,dataset_iter035
5583,0.553,0.03975,0.10711750160041171,-0.027780119886700563,2,FFLO,1,1,0,0,0,dataset_iter035
5860,0.553,0.06625,0.0954880941920745,-0.04635183076590109,2,FFLO,1,1,0,0,0,dataset_iter035
729,0.553,0.0,0.11313253919439667,3.754693366708403e-05,1,uniform_SC,1,1,0,0,0,dataset_iter035
2146,0.5553333333333333,0.0265,0.08265668344483913,-0.018534163945533446,2,FFLO,1,1,0,0,0,dataset_iter035
2785,0.5553333333333333,0.046375,0.07493755256254157,-0.032370256053149166,2,FFLO,1,1,0,0,0,dataset_iter035
7059,0.553,0.106,0.05789410922966849,-0.07432439045046921,2,FFLO,1,1,0,0,0,dataset_iter035
5013,0.5553333333333333,0.072875,0.0543857557081351,-0.050941966932349696,2,FFLO,1,1,0,0,0,dataset_iter035
4933,0.553,0.053,0.10220555562529025,-0.03703078095739981,2,FFLO,1,1,0,0,0,dataset_iter035
3654,0.5506666666666667,0.01325,0.13398483688352766,-0.009283502874834197,1,uniform_SC,1,1,0,0,0,dataset_iter035
7155,0.553,0.072875,0.09127857205618387,-0.050941966932349696,2,FFLO,1,1,0,0,0,dataset_iter035
904,0.5553333333333333,0.01325,0.08536370140710707,-0.009283502874834197,1,uniform_SC,1,1,0,0,0,dataset_iter035
847,0.014,1.6297500000000005,0.031128196116334234,-1.553945721625704,2,FFLO,1,1,0,0,0,dataset_iter035
1936,0.014,1.5833750000000002,0.035539307366914775,-1.4789830333028962,2,FFLO,1,1,0,0,0,dataset_iter035
3001,0.0163333333333333,1.5966250000000002,0.03433604880314308,-1.5007133917396636,2,FFLO,1,1,0,0,0,dataset_iter035
1093,0.021,1.5833750000000002,0.03383395885372865,-1.4787577517008936,2,FFLO,1,1,0,0,0,dataset_iter035
4392,0.014,1.57675,0.03614030903636386,-1.4679301194161771,2,FFLO,1,1,0,0,0,dataset_iter035
3180,0.014,1.6098750000000002,0.0330326232944632,-1.5222935624417624,2,FFLO,1,1,0,0,0,dataset_iter035
6024,0.0116666666666666,1.59,0.03403554796841854,-1.489960853322281,2,FFLO,1,1,0,0,0,dataset_iter035
6875,0.0186666666666666,1.5701250000000002,0.03684147765072112,-1.4567270177947897,2,FFLO,1,1,0,0,0,dataset_iter035
2700,0.021,1.59,0.032832289404646844,-1.4896604778529445,2,FFLO,1,1,0,0,0,dataset_iter035
626,0.0093333333333333,1.6098750000000002,0.031128196116334234,-1.5223686563090966,2,FFLO,1,1,0,0,0,dataset_iter035
4579,0.014,1.5701250000000002,0.03684147765072112,-1.4568819106589903,2,FFLO,1,1,0,0,0,dataset_iter035
3402,0.0163333333333333,1.59,0.03503721741750034,-1.4898106655876129,2,FFLO,1,1,0,0,0,dataset_iter035
4023,0.0116666666666666,1.6165000000000005,0.03192953167559968,-1.5329710069918105,2,FFLO,1,1,0,0,0,dataset_iter035
5752,0.0163333333333333,1.57675,0.0364408098710884,-1.4679301194161771,2,FFLO,1,1,0,0,0,dataset_iter035
2603,0.0163333333333333,1.6165000000000005,0.03212986556541604,-1.5328208192571422,2,FFLO,1,1,0,0,0,dataset_iter035
2372,0.0186666666666666,1.59,0.03433604880314308,-1.4897355717202787,2,FFLO,1,1,0,0,0,dataset_iter035
7226,0.0163333333333333,1.5833750000000002,0.03573964125673114,-1.478907939435562,2,FFLO,1,1,0,0,0,dataset_iter035
1679,0.0116666666666666,1.5966250000000002,0.033533458019004106,-1.5007884856069977,2,FFLO,1,1,0,0,0,dataset_iter035
7330,0.014,1.60325,0.033633624963912284,-1.51154102402438,2,FFLO,1,1,0,0,0,dataset_iter035
5593,0.1283333333333333,0.6426250000000001,0.22471249074271657,-0.33312213575239724,2,FFLO,1,1,0,0,0,dataset_iter035
5945,0.1166666666666666,0.8082500000000001,0.04355893908393688,-0.36041414550142564,2,FFLO,1,1,0,0,0,dataset_iter035
6968,0.4526666666666667,0.06625,0.43323295718427957,-0.04627673689856693,2,FFLO,1,1,0,0,0,dataset_iter035
2342,0.056,0.072875,0.3990471587984987,-0.050941966932349696,2,FFLO,1,1,0,0,0,dataset_iter035
4761,0.2613333333333333,0.6492500000000001,0.19323245509433012,-0.4552251404481165,2,FFLO,1,1,0,0,0,dataset_iter035
6481,0.399,0.377625,0.3964415630060125,-0.2756000451692435,2,FFLO,1,1,0,0,0,dataset_iter035
4554,0.434,0.072875,0.4576937753398521,-0.050941966932349696,2,FFLO,1,1,0,0,0,dataset_iter035
3513,0.1166666666666666,0.0265,0.43694289982050283,-0.018459070078199278,2,FFLO,1,1,0,0,0,dataset_iter035
4048,0.5273333333333334,0.019875,0.2602004594123037,-0.013873639041282915,2,FFLO,1,1,0,0,0,dataset_iter035
4570,0.4783333333333334,0.152375,0.3716789887908419,-0.10725785050862452,2,FFLO,1,1,0,0,0,dataset_iter035
1965,0.0606666666666666,1.000375,0.10160455395584117,-0.5271793689480272,2,FFLO,1,1,0,0,0,dataset_iter035
4906,0.4946666666666667,0.231875,0.2964910188660298,-0.16500051756424863,2,FFLO,1,1,0,0,0,dataset_iter035
1092,0.2146666666666666,0.6823750000000001,0.0823561826101146,-0.41499816499948244,2,FFLO,1,1,0,0,0,dataset_iter035
2361,0.322,0.006625,0.5301759825272697,-0.004622977970583555,1,uniform_SC,1,1,0,0,0,dataset_iter035
4968,0.4153333333333334,0.03975,0.4803503332622039,-0.027780119886700563,2,FFLO,1,1,0,0,0,dataset_iter035
1059,0.147,0.0,0.46200471964552453,-3.754693366708403e-05,1,uniform_SC,1,1,0,0,0,dataset_iter035
5686,0.1073333333333333,0.0,0.4293226806582399,-3.754693366708403e-05,1,uniform_SC,1,1,0,0,0,dataset_iter035
268,0.0046666666666666,1.4045,0.04305810435939598,-1.162818090282022,2,FFLO,1,1,0,0,0,dataset_iter035
3295,0.3896666666666667,0.5896250000000001,0.05228099464018979,-0.4524419622272201,2,FFLO,1,1,0,0,0,dataset_iter035
2254,0.5343333333333333,0.01325,0.23132853000615058,-0.009283502874834197,1,uniform_SC,1,1,0,0,0,dataset_iter035
2657,0.2916666666666667,0.01325,0.5312778189212597,-0.009208409007500029,1,uniform_SC,1,1,0,0,0,dataset_iter035
3556,0.4666666666666667,0.006625,0.4143865088430592,-0.004622977970583555,1,uniform_SC,1,1,0,0,0,dataset_iter035
5838,0.35,0.6095,0.15894774498851466,-0.46244356197126113,2,FFLO,1,1,0,0,0,dataset_iter035
7178,0.0863333333333333,0.6360000000000001,0.2029574353245384,-0.29297025417109734,2,FFLO,1,1,0,0,0,dataset_iter035
6284,0.0,0.549875,0.324261111878193,-0.40094149641939647,2,FFLO,1,1,0,0,0,dataset_iter035
6933,0.5156666666666667,0.218625,0.23042577227710342,-0.15529929328954428,2,FFLO,1,1,0,0,0,dataset_iter035
1138,0.5296666666666667,0.006625,0.25147840385605075,-0.004622977970583555,1,uniform_SC,1,1,0,0,0,dataset_iter035
2932,0.0653333333333333,1.06,0.08887205492864046,-0.5964302182239077,2,FFLO,1,1,0,0,0,dataset_iter035
3196,0.4526666666666667,0.01325,0.4364408098710884,-0.009283502874834197,1,uniform_SC,1,1,0,0,0,dataset_iter035
6493,0.364,0.483625,0.3557398923017059,-0.36011377003208894,2,FFLO,1,1,0,0,0,dataset_iter035
6183,0.1236666666666666,0.284875,0.43794456926958464,-0.20281978412865712,2,FFLO,1,1,0,0,0,dataset_iter035
4060,0.0723333333333333,1.07325,0.07614081112631328,-0.6124440324842143,2,FFLO,1,1,0,0,0,dataset_iter035
2079,0.1026666666666666,0.099375,0.42521332546725743,-0.0695887716788844,2,FFLO,1,1,0,0,0,dataset_iter035
