triangle_id,point_ids,center_kBT,center_J_A,circumradius_norm,topology_labels,contains_z2_change,bulk_gap_min,pfaffian_margin_min
6331,3836;2844;6167,0.5366666666666667,0.23187500000000003,inf,trivial,False,0.005618596653844251,0.16349385170062533
6330,6167;2844;6139,0.539,0.21862499999999999,inf,trivial,False,0.005618596653844251,0.16349385170062533
30,1381;4035;6139,0.5475555555555557,0.159,inf,trivial,False,0.009153094085108851,0.17886986961040952
6329,2844;5237;6139,0.5413333333333333,0.205375,inf,trivial,False,0.009153094085108851,0.17232938068522835
0,7122;5012;847,0.32433333333333336,0.8259166666666667,18.217903937267923,topological;trivial,True,0.0012066413672719102,0.0778873000483289
2,2157;7122;847,0.31344444444444447,0.8502083333333336,4.49195914389089,topological;trivial,True,0.00022850794075670512,0.05966009699524891
1,7411;2157;847,0.3041111111111111,0.8678750000000002,2.5995512619786623,topological;trivial,True,0.00022850794075670512,0.04931217964164086
4,6757;7411;847,0.29477777777777775,0.8833333333333334,2.238091514253466,topological;trivial,True,0.00036188015076304855,0.03339875172546192
22,4818;6757;847,0.154,1.2499166666666668,1.820557907039217,topological;trivial,True,0.00036188015076304855,0.03339875172546192
23,4818;5713;6757,0.29011111111111115,0.8833333333333334,1.7498111261278604,topological;trivial,True,0.00036188015076304855,0.029659927377776646
21,5713;4818;5394,0.28700000000000003,0.88775,1.7180655187534486,topological;trivial,True,0.0003428057314216799,0.02564180239298902
20,4818;2441;5394,0.27377777777777784,0.9054166666666666,1.4573514525847369,topological;trivial,True,0.0003428057314216799,0.0080576679592409
17,2441;4818;4930,0.2605555555555556,0.9230833333333335,1.4559254683412102,topological,False,0.0007576258573679983,0.0080576679592409
42,797;955;1273,0.0007777777777777667,0.2627916666666667,1.1608915176519197,trivial,False,0.19008553301573244,0.20901439298946695
18,4818;2906;4930,0.14155555555555555,1.2499166666666666,1.0962305890493567,topological,False,0.0007576258573679983,0.014593855105870385
15,2906;1130;4930,0.14466666666666664,1.2278333333333336,1.0466601347062345,topological,False,0.0007576258573679983,0.014593855105870385
9,1130;7137;4930,0.2597777777777778,0.9054166666666669,1.0009938885584897,topological,False,0.0007576258573679983,0.014593855105870385
10,5616;7137;1130,0.2551111111111111,0.9098333333333336,0.9729765998045428,topological,False,0.0031054732105451907,0.01885720107727673
8,5260;5616;1130,0.2504444444444444,0.9142500000000003,0.9454460954927931,topological,False,0.003146955563661354,0.023672183988431378
7,5260;1130;7286,0.24577777777777776,0.9186666666666667,0.9184023768721753,topological,False,0.0007553498018528549,0.029026623690224407
268,1130;710;7286,0.13766666666666663,1.2190000000000003,0.8902116065184341,topological,False,0.0007553498018528549,0.034970658214317635
1705,710;1611;7286,0.1392222222222222,1.20575,0.8646305849410594,topological,False,0.0007553498018528549,0.034970658214317635
1704,1611;6730;7286,0.14077777777777775,1.1925000000000001,0.8395194450564425,topological,False,0.0007553498018528549,0.034970658214317635
27,6730;1719;7286,0.14466666666666664,1.1615833333333336,0.8243223167030986,topological,False,0.0007553498018528549,0.034970658214317635
3,1719;6689;7286,0.15166666666666662,1.1107916666666668,0.7982999278368217,topological,False,0.0007553498018528549,0.034970658214317635
393,2441;4172;5394,0.399,0.5609166666666666,0.7732880078446284,topological;trivial,True,6.559718160225663e-05,0.0080576679592409
264,6689;1320;7286,0.24966666666666662,0.8524166666666666,0.7623086525110556,topological,False,0.0007553498018528549,0.034970658214317635
476,7088;1320;6689,0.24344444444444444,0.8568333333333333,0.7277619987561421,topological,False,0.00497835044963382,0.0393868791834254
477,2075;7088;6689,0.23722222222222222,0.8612500000000001,0.6942175552756578,topological,False,0.005781874493675008,0.044734598195577846
265,6946;2075;6689,0.231,0.8656666666666668,0.6616753342589903,topological,False,0.00244463988550203,0.05103552411630588
990,6730;5935;1719,0.04122222222222217,1.4398333333333335,0.6419244827718001,topological,False,0.02310901997843619,0.3406433107217349
86,3908;6946;6689,0.14388888888888887,1.0865000000000002,0.6349759133756685,topological,False,0.00244463988550203,0.05834137143733015
85,6946;3908;2694,0.14544444444444443,1.07325,0.6117259276419728,topological,False,0.00244463988550203,0.05834137143733015
247,2871;6946;2694,0.147,1.06,0.589046095553888,topological,False,0.00244463988550203,0.05834137143733015
2363,2871;4636;6946,0.22633333333333336,0.8502083333333333,0.5758662736792258,topological,False,0.00244463988550203,0.05834137143733015
2362,4636;2871;2423,0.14466666666666664,1.0489583333333334,0.5665431285853385,topological,False,0.0025586979547054132,0.06532893925439218
2359,3320;4636;2423,0.1462222222222222,1.0357083333333335,0.5440715499267922,topological,False,0.0025586979547054132,0.06532893925439218
2360,4636;3320;2631,0.14777777777777776,1.0224583333333335,0.5222079711762646,topological,False,0.0025586979547054132,0.06532893925439218
2361,550;4636;2631,0.22011111111111106,0.8347500000000002,0.5069289218931089,topological,False,0.0025586979547054132,0.06532893925439218
41,797;870;955,0.0015555555555555333,0.178875,0.4663819087303084,trivial,False,0.2953132031121607,0.30460348505298684
887,6812;550;2631,0.2107777777777778,0.8391666666666667,0.46582346693452636,topological,False,0.002025367209052305,0.07270458769620924
14,2640;6812;2631,0.14077777777777778,1.0047916666666667,0.4519413191263739,topological,False,0.002025367209052305,0.08217687596948625
13,6812;2640;3046,0.1431111111111111,0.9827083333333334,0.4493187036404613,topological,False,0.002025367209052305,0.08217687596948625
250,1732;6812;3046,0.2022222222222222,0.8215,0.39219842227324203,topological,False,0.002025367209052305,0.08217687596948625
251,7253;1732;3046,0.13922222222222222,0.9628333333333335,0.38646066734529144,topological,False,0.004081673279832171,0.0926405939250991
249,1732;7253;2210,0.14155555555555555,0.9407500000000001,0.37911037654840085,topological,False,0.004081673279832171,0.0926405939250991
1584,1173;1732;2210,0.1921111111111111,0.8038333333333334,0.33956324660991904,topological,False,0.0007948827632122827,0.0926405939250991
1583,2722;1173;2210,0.13766666666666666,0.9208750000000001,0.32116618776777306,topological,False,0.0007948827632122827,0.1060022822117058
991,5935;2405;1719,0.04277777777777774,1.4265833333333333,0.2954721386987079,topological,False,0.02310901997843619,0.35104300718424664
1582,1173;2722;1092,0.1804444444444444,0.7927916666666667,0.2794929318428945,topological,False,0.0007948827632122827,0.1060022822117058
267,7174;6689;1719,0.05133333333333331,1.36475,0.2743705262005534,topological,False,0.017345110082001975,0.3790111121623205
98,2722;5551;1092,0.13299999999999998,0.8987916666666668,0.2724567995990987,topological,False,0.0019791527777134545,0.1209189334592719
1353,4172;2125;5394,0.40677777777777785,0.549875,0.25178454995874755,trivial,False,6.559718160225663e-05,0.009645211633659612
273,5551;627;1092,0.1353333333333333,0.8744999999999999,0.2502849471401896,topological,False,0.0019791527777134545,0.1209189334592719
3464,7174;1577;6689,0.05366666666666663,1.3470833333333332,0.24155936083250643,topological,False,0.017345110082001975,0.3893922091153631
274,627;2933;1092,0.1703333333333333,0.7729166666666667,0.2408249733358211,topological,False,0.00016376781426613444,0.1209189334592719
534,627;3296;2933,0.1322222222222222,0.854625,0.23331300171886404,topological,False,0.00016376781426613444,0.13566220892164405
35,6757;2986;7411,0.4363333333333333,0.5079166666666667,0.2222212573131117,trivial,False,0.00036188015076304855,0.03339875172546192
790,5065;5012;7122,0.47755555555555557,0.42841666666666667,0.21252514147972523,trivial,False,0.0012066413672719102,0.0778873000483289
533,2933;3296;2709,0.13377777777777775,0.8413750000000001,0.211781277382734,topological,False,0.00016376781426613444,0.13566220892164405
103,7303;2933;2709,0.16177777777777771,0.7640833333333333,0.20372729025922623,topological,False,0.00016376781426613444,0.13566220892164405
107,2190;7303;2709,0.15399999999999994,0.7685,0.19363418075806302,topological,False,0.0025176291295930593,0.1487731553120518
97,2722;2210;2762,0.08866666666666663,1.0423333333333333,0.19224417722260903,topological,False,0.021098526184426095,0.5041130852822593
529,2758;627;5551,0.09566666666666664,0.9694583333333333,0.19224417722260412,topological,False,0.02464614450027529,0.45101592889280484
275,2656;7253;3046,0.08166666666666662,1.1085833333333335,0.19224417722260412,topological,False,0.020726105683926355,0.4918404196830595
926,7337;2640;2631,0.07466666666666665,1.1748333333333336,0.19224417722259096,topological,False,0.01832289779940172,0.4717716658165818
110,6982;2190;2709,0.12755555555555553,0.8325416666666667,0.18938447187360488,topological,False,0.0025176291295930593,0.1605992183120292
368,955;957;1273,0.0023333333333333,0.3268333333333333,0.18917857949701875,trivial,False,0.19008553301573244,0.20901439298946695
111,2190;6982;2812,0.12988888888888886,0.8148750000000001,0.17631356873949897,topological,False,0.0025176291295930593,0.1605992183120292
109,6998;2190;2812,0.13299999999999998,0.795,0.16425867543873485,topological,False,0.0025176291295930593,0.1605992183120292
108,2190;6998;5113,0.14777777777777776,0.7508333333333335,0.16142345482703352,topological,False,0.0025176291295930593,0.1605992183120292
2425,3446;1173;1092,0.22788888888888884,0.6779583333333333,0.1565099595283933,topological,False,0.0007948827632122827,0.10578236907844485
605,6998;3977;5113,0.13922222222222222,0.7596666666666668,0.15459029700844534,topological,False,0.011997635729834151,0.19042368202542403
26,4845;7085;626,0.005444444444444433,1.5657083333333333,0.15322939729159246,topological,False,0.023038333249840302,0.2720640328973531
607,4971;2190;5113,0.16488888888888886,0.7110833333333334,0.14969779641330452,topological,False,0.0025176291295930593,0.1605992183120292
1378,5065;1480;5012,0.4791111111111111,0.424,0.14770395446215456,trivial,False,0.004900056680035692,0.08262400072185538
606,3977;6998;5936,0.13377777777777777,0.7685000000000001,0.13434977168575812,topological,False,0.012798869935527016,0.19944112991596163
105,5936;6998;3131,0.12444444444444443,0.7905833333333333,0.13304186344715505,topological,False,0.019684276195306837,0.22467566048715842
1014,6111;7085;4845,0.0031111111111111005,1.5392083333333335,0.12284874344519886,topological,False,0.02126589358639925,0.29052786908714884
2424,7251;3446;1092,0.2263333333333333,0.6779583333333333,0.12219430966784899,topological,False,0.0019791527777134545,0.10559915852271037
2405,1732;6855;6812,0.26599999999999996,0.6647083333333335,0.12219430966784799,topological,False,0.002025367209052305,0.08135741478303696
1581,1732;1173;6734,0.24733333333333332,0.6713333333333334,0.12219430966784567,topological,False,0.0007948827632122827,0.0921617258466293
369,957;828;1273,0.0038888888888888667,0.35554166666666664,0.10224088753511135,trivial,False,0.19008553301573244,0.20901439298946695
1346,3532;2157;7411,0.44955555555555554,0.48583333333333334,0.09925448336198481,trivial,False,0.00022850794075670512,0.04931217964164086
36,2882;2986;6757,0.43322222222222223,0.5123333333333334,0.09925448336198162,trivial,False,0.00036188015076304855,0.03339875172546192
604,4165;3977;5936,0.14388888888888887,0.7375833333333334,0.09925448336197952,topological,False,0.012798869935527016,0.19944112991596163
957,2603;4818;847,0.0171111111111111,1.6142916666666671,0.09629684122997101,topological,False,0.022988042515000997,0.2632038970095175
288,6998;2636;3131,0.11744444444444439,0.8126666666666668,0.09629684122996711,topological,False,0.024121096563994564,0.2796900212096345
1377,1480;5617;5012,0.48066666666666674,0.41958333333333336,0.0946553113007406,trivial,False,0.0058729349006749415,0.0871977121332067
3366,1431;7251;1092,0.22477777777777774,0.6779583333333333,0.09217053524274092,topological,False,0.0019791527777134545,0.1054558576139632
2406,4452;6855;1732,0.2644444444444444,0.6647083333333335,0.09217053524274023,topological,False,0.004081673279832171,0.08058886437574386
1114,2933;5770;1092,0.2084444444444444,0.6845833333333333,0.09217053524273985,topological,False,0.00016376781426613444,0.12086226697432625
1580,1173;1162;6734,0.24577777777777776,0.6713333333333334,0.09217053524273829,topological,False,0.0007948827632122827,0.09172000880698514
3019,2157;7119;7122,0.4612222222222222,0.46374999999999994,0.09189884436737225,trivial,False,0.00022850794075670512,0.05966009699524891
3020,7119;5947;7122,0.4651111111111111,0.45491666666666664,0.08494288765759749,trivial,False,0.0012066413672719102,0.06529062599578603
2152,2125;2998;5394,0.41144444444444445,0.54325,0.08095072477976205,trivial,False,0.0003428057314216799,0.019886319874903052
1142,2343;4971;5113,0.1594444444444444,0.7155,0.08095072477974982,topological,False,0.010871146676320893,0.17106023084788471
95,2906;2916;1130,0.027999999999999966,1.5458333333333334,0.07745376794645778,topological,False,0.022726066128362487,0.29389280120286204
3465,1577;7174;5998,0.05133333333333331,1.3603333333333334,0.07745376794645542,topological,False,0.022501578829437083,0.3893922091153631
1630,2405;3095;1719,0.0443333333333333,1.4133333333333333,0.07745376794645097,topological,False,0.02310901997843619,0.3614955459193549
347,7321;5936;3131,0.1291111111111111,0.7707083333333333,0.07353038219054354,topological,False,0.019684276195306837,0.22467566048715842
12,1382;901;1208,0.5156666666666667,0.3202083333333334,0.06747788999750842,trivial,False,0.004753840501324755,0.12913426004775785
4195,5966;4636;550,0.29555555555555557,0.6514583333333334,0.06644010494685032,topological,False,0.0025586979547054132,0.06399564689948864
1586,5254;4452;1732,0.2628888888888889,0.6647083333333335,0.06644010494685017,topological,False,0.004081673279832171,0.07986199200915034
3367,6048;1431;1092,0.22322222222222218,0.6779583333333333,0.06644010494685017,topological,False,0.0019791527777134545,0.1053335138571993
584,1147;2933;7303,0.1928888888888889,0.6912083333333334,0.06644010494685017,topological,False,0.00016376781426613444,0.13555631420402642
1115,1801;5770;2933,0.20688888888888887,0.6845833333333333,0.06644010494684985,topological,False,0.00016376781426613444,0.12081283391482892
4950,6906;550;6812,0.28155555555555556,0.6580833333333335,0.0664401049468497,topological,False,0.002025367209052305,0.07162558253545231
1579,1162;1173;6318,0.2442222222222222,0.6713333333333334,0.06644010494684807,topological,False,0.0007948827632122827,0.09132667456394175
25,626;7085;6860,0.008555555555555533,1.5944166666666668,0.06259293284182828,topological,False,0.023038333249840302,0.2720640328973531
31,766;1381;6139,0.546,0.17004166666666665,0.059202725348146176,trivial,False,0.009153094085108851,0.17886986961040952
779,2864;4172;2441,0.38966666666666666,0.5719583333333335,0.05401050849080837,topological;trivial,True,6.559718160225663e-05,0.0069822408257209645
3891,7119;4459;5947,0.4612222222222222,0.4615416666666667,0.05339066905469338,trivial,False,0.00491789780552737,0.06529062599578603
1383,5617;752;5012,0.4822222222222223,0.4151666666666667,0.053390669054688325,trivial,False,0.0058729349006749415,0.09162165301811535
1254,7321;6006;5936,0.1322222222222222,0.7596666666666668,0.05339066905468608,topological,False,0.019684276195306837,0.22467566048715842
11,901;2179;6384,0.5242222222222223,0.28929166666666667,0.05265809000105099,trivial,False,0.0014190807777142822,0.14267919865515416
571,1002;1421;1700,0.0007777777777777667,0.7927916666666667,0.05150541642439832,topological,False,0.08139882960659464,0.2363680552669406
202,2381;143;89,0.21466666666666667,0.45933333333333337,0.05087779870341245,trivial,False,0.16752742523812628,0.18618862101630498
201,143;2381;2400,0.20222222222222222,0.42179166666666673,0.050491990364222014,trivial,False,0.203149243932086,0.22343922585438503
73,89;143;265,0.23177777777777778,0.457125,0.04809670917416005,trivial,False,0.16752742523812628,0.18618862101630498
3362,3813;6048;1092,0.22166666666666665,0.6779583333333333,0.04500618513776855,topological,False,0.0019791527777134545,0.1052390136133887
1585,5893;5254;1732,0.26133333333333336,0.6647083333333335,0.04500618513776855,topological,False,0.004081673279832171,0.07918525109200308
582,7365;1801;2933,0.20533333333333334,0.6845833333333333,0.045006185137768294,topological,False,0.00016376781426613444,0.12079172328493035
5496,6300;6906;6812,0.28,0.6580833333333335,0.045006185137768155,topological,False,0.002025367209052305,0.07060343935545643
4196,6926;5966;550,0.294,0.6514583333333334,0.0450061851377681,topological,False,0.004737246172878397,0.06267824196687574
2358,4636;1203;6946,0.308,0.6448333333333335,0.0450061851377681,topological,False,0.00244463988550203,0.05677009922012988
1117,3477;1147;7303,0.19133333333333327,0.6912083333333334,0.04500618513776799,topological,False,0.004268090171828391,0.13546769705503692
1578,6318;1173;4591,0.24266666666666667,0.6713333333333334,0.04500618513776698,topological,False,0.0007948827632122827,0.09095507490071345
47,63;273;6223,0.06455555555555549,0.5079166666666667,0.04370535075505432,trivial,False,0.10027708314138924,0.11278398655665081
213,54;143;2400,0.2061111111111111,0.37762500000000004,0.04356038037469241,trivial,False,0.2777232535082105,0.29649679489857106
52,273;448;6223,0.06455555555555549,0.45933333333333337,0.043340422987414855,trivial,False,0.13262416395799076,0.14625188893259555
156,3806;63;6223,0.07777777777777774,0.5255833333333334,0.0430129287255623,trivial,False,0.0813753015277471,0.09623730474036915
170,90;650;441,0.041999999999999975,0.30254166666666665,0.042571247225558884,trivial,False,0.2567504455926043,0.27205508350571017
507,7085;1021;6860,0.008555555555555533,1.59,0.042456239054099565,topological,False,0.023316947769086546,0.2750607758609837
822,7059;4187;5013,0.5537777777777778,0.09275,0.042456239054099246,trivial,False,0.03322950587669669,0.19773912053439044
169,650;90;277,0.040444444444444436,0.3400833333333333,0.0421518962365496,trivial,False,0.22764049878217696,0.24509146119037878
68,275;440;335,0.2473333333333333,0.30916666666666665,0.041176357113123375,trivial,False,0.31183648433773126,0.3295471198586126
56,90;448;277,0.0521111111111111,0.36879166666666663,0.04051663695049812,trivial,False,0.21341219622242155,0.22938538100683334
69,440;1209;335,0.26055555555555554,0.33125,0.04037879127687722,trivial,False,0.31183648433773126,0.3295471198586126
71,143;275;335,0.23722222222222222,0.34450000000000003,0.040219143490613125,trivial,False,0.3099935060062933,0.32777355370946726
155,236;832;92,0.0365555555555555,0.7177083333333334,0.03995803395378488,topological,False,0.06698829837416631,0.1299868990285317
3580,236;1141;832,0.027999999999999966,0.7508333333333334,0.03947176264962089,topological,False,0.09266958739166797,0.17704460389916696
57,412;90;441,0.0583333333333333,0.29591666666666666,0.03947151894930309,trivial,False,0.27111908659449535,0.2840001786885424
233,359;2381;89,0.2092222222222222,0.510125,0.039078262088338034,trivial,False,0.15101268949441407,0.16923125851209522
3581,792;1141;236,0.02799999999999997,0.7751250000000001,0.039021225487768124,topological,False,0.09163029701636359,0.24332270827091543
60,489;412;441,0.0505555555555555,0.26058333333333333,0.038584567099068545,trivial,False,0.28336467084914446,0.2948299339612298
55,448;90;57,0.06688888888888887,0.3621666666666667,0.03833396163253084,trivial,False,0.21341219622242155,0.22938538100683334
227,7373;6167;6384,0.5312222222222223,0.25837499999999997,0.03792263427720389,trivial,False,0.0014190807777142822,0.15174314655048157
348,3806;3900;63,0.0754444444444444,0.5675416666666667,0.037834218473078364,trivial,False,0.06981474162460864,0.08397336958881094
102,212;1176;214,0.04122222222222217,0.8568333333333333,0.037577176534673074,topological,False,0.08897618025185461,0.26720409294063185
58,412;489;281,0.06377777777777774,0.23850000000000002,0.03752391301608829,trivial,False,0.28336467084914446,0.2948299339612298
67,1209;440;145,0.2652222222222222,0.311375,0.03743145514910149,trivial,False,0.3404257031262137,0.3558569934765162
101,232;212;214,0.05522222222222217,0.8590416666666667,0.037379144961518646,topological,False,0.09543395652580322,0.26720409294063185
157,2226;3806;6223,0.09333333333333331,0.51675,0.0372695452233476,trivial,False,0.0813753015277471,0.09623730474036915
332,1898;2340;281,0.06611111111111106,0.11925000000000001,0.03723963828749926,trivial,False,0.3388171072059798,0.337953511906172
43,654;1898;281,0.05677777777777773,0.13470833333333332,0.03710364986751402,trivial,False,0.3388171072059798,0.337953511906172
89,362;412;281,0.07699999999999997,0.24954166666666666,0.036845844771266546,trivial,False,0.28336467084914446,0.2948299339612298
53,66;448;273,0.04511111111111107,0.45050000000000007,0.03628900822362729,trivial,False,0.13262416395799076,0.14625188893259555
232,2381;359;3534,0.20222222222222222,0.5145416666666667,0.03618551499732565,trivial,False,0.1507364025086879,0.16923125851209522
79,60;124;265,0.2605555555555556,0.45050000000000007,0.03572357214934257,trivial,False,0.20874923832222453,0.22711933609701884
136,541;66;273,0.03499999999999997,0.47479166666666667,0.03568682376071647,trivial,False,0.13262416395799076,0.14625188893259555
65,828;943;1273,0.004666666666666667,0.39087500000000003,0.035669610866128534,trivial,False,0.19008553301573244,0.20901439298946695
217,143;54;275,0.21933333333333335,0.3356666666666667,0.03555410335385736,trivial,False,0.3099935060062933,0.32777355370946726
154,304;236;92,0.05211111111111107,0.7309583333333335,0.03533901330183609,topological,False,0.06698829837416631,0.1299868990285317
333,2340;5466;281,0.07777777777777774,0.12366666666666666,0.03507697664939783,trivial,False,0.3388171072059798,0.337953511906172
372,966;440;275,0.24888888888888885,0.25616666666666665,0.03482245558933141,trivial,False,0.3846673861955845,0.39292745049959393
373,631;966;275,0.24266666666666667,0.22966666666666669,0.03475710897076252,trivial,False,0.3846673861955845,0.39292745049959393
72,265;143;335,0.24188888888888885,0.41075,0.034552577498607705,trivial,False,0.21349696164823806,0.2330793530754341
1791,792;236;214,0.0404444444444444,0.7839583333333334,0.03434871967275721,topological,False,0.09163029701636359,0.2447302444953632
78,60;265;335,0.25355555555555553,0.417375,0.03417016201505695,trivial,False,0.21349696164823806,0.2330793530754341
216,54;132;275,0.20766666666666667,0.29812500000000003,0.03391592298968312,trivial,False,0.3244834016365944,0.3400324507877272
62,489;654;281,0.054444444444444406,0.178875,0.03375829122157147,trivial,False,0.3169827487267571,0.3214416298794473
1789,1174;792;214,0.029555555555555533,0.80825,0.03372169132148729,topological,False,0.0866947763284882,0.2579744089239287
70,275;132;254,0.21388888888888888,0.245125,0.033265849866460195,trivial,False,0.3820433449913244,0.38786701543076935
151,654;657;1898,0.048222222222222166,0.106,0.033122350002857806,trivial,False,0.35817885955567763,0.34775502753859344
260,5466;6236;281,0.08477777777777773,0.152375,0.03306358515563998,trivial,False,0.3388171072059798,0.337953511906172
238,1134;127;124,0.2916666666666667,0.44387499999999996,0.03290488793662779,trivial,False,0.20874923832222453,0.22711933609701884
3535,728;585;991,0.03966666666666667,0.9849166666666668,0.032820238799929485,topological,False,0.07516110017146194,0.4460969739603531
241,127;740;124,0.294,0.4792083333333334,0.03273097740663081,trivial,False,0.16122709243633104,0.17729914334090616
379,1569;312;393,0.15866666666666665,0.25837499999999997,0.03272742587649054,trivial,False,0.34603028890754356,0.3529625512198661
1729,298;728;991,0.033444444444444436,0.9584166666666666,0.032639239106563175,topological,False,0.07516110017146194,0.44213950441524263
699,2650;7321;3131,0.1244444444444444,0.7817500000000001,0.03258337945509171,topological,False,0.025314309807804327,0.24823676526990324
1262,4199;304;92,0.05677777777777773,0.7022500000000002,0.03242407469760845,topological,False,0.06698829837416631,0.1299868990285317
2931,1095;3248;996,0.3002222222222222,0.08612500000000001,0.03228278175520177,trivial,False,0.4722719749925112,0.4599869824482236
2084,996;3248;1011,0.3056666666666667,0.11704166666666667,0.03222191088032231,trivial,False,0.4722719749925112,0.4599869824482236
190,870;369;955,0.004666666666666633,0.22083333333333333,0.03217498888924454,trivial,False,0.2953132031121607,0.30460348505298684
3425,6244;2226;6223,0.10033333333333329,0.4902500000000001,0.03215283505585559,trivial,False,0.13602045439845076,0.15346456174697717
214,1623;54;2400,0.18666666666666668,0.3555416666666667,0.03207110222284018,trivial,False,0.2777232535082105,0.29649679489857106
552,1176;1174;214,0.032666666666666636,0.8347500000000001,0.031962609176621734,topological,False,0.0866947763284882,0.26720409294063185
378,443;1623;2400,0.17499999999999996,0.35112499999999996,0.031926470069596896,trivial,False,0.2777232535082105,0.29649679489857106
949,6254;459;312,0.13922222222222216,0.22966666666666669,0.03191941290885461,trivial,False,0.34603028890754356,0.3529625512198661
2930,1095;996;1131,0.2916666666666667,0.10379166666666667,0.031828476197774486,trivial,False,0.4722719749925112,0.4599869824482236
1790,1028;792;1174,0.0171111111111111,0.8126666666666669,0.031779087069325855,topological,False,0.0866947763284882,0.2579744089239287
2929,3248;1150;1011,0.31266666666666665,0.09937499999999999,0.03152801426021389,trivial,False,0.47498194165487145,0.46129899884596187
84,124;5492;265,0.2558888888888889,0.4924583333333333,0.031525972331540135,trivial,False,0.1566338893914866,0.17387543248463813
193,631;275;254,0.22944444444444442,0.22083333333333333,0.03136077420946014,trivial,False,0.3846673861955845,0.39292745049959393
139,797;911;870,0.0023333333333333,0.14575000000000002,0.03129841792026593,trivial,False,0.33778026184197435,0.3356938459748801
328,132;2182;254,0.20299999999999996,0.22304166666666667,0.031160735556529096,trivial,False,0.3820433449913244,0.38786701543076935
675,2367;1569;393,0.16877777777777778,0.2340833333333333,0.031156392141634792,trivial,False,0.34751999673886064,0.35706879126654406
215,54;1623;132,0.18977777777777782,0.3091666666666667,0.031102252734833746,trivial,False,0.3244834016365944,0.3400324507877272
337,312;459;393,0.15322222222222218,0.22524999999999998,0.030826198949124816,trivial,False,0.34603028890754356,0.3529625512198661
261,6236;5466;6133,0.0925555555555555,0.1325,0.030773914077289098,trivial,False,0.36387056109677945,0.3568866292770848
1265,4992;4199;92,0.05211111111111107,0.6713333333333334,0.030752469550444344,topological,False,0.0551160388102967,0.11186223397568995
554,212;1132;1176,0.03422222222222217,0.8921666666666667,0.030393011904407012,topological,False,0.08855320946512822,0.3457651957160374
237,376;5492;124,0.2667777777777778,0.5012916666666666,0.030167912119280854,trivial,False,0.1566338893914866,0.17387543248463813
375,272;631;254,0.2302222222222222,0.18770833333333334,0.03014914930364015,trivial,False,0.43459249236658015,0.42907463918674627
1594,482;6242;6185,0.10577777777777776,0.34670833333333334,0.030148474002622893,trivial,False,0.26595668099516273,0.28188318861618655
948,6254;312;6143,0.1283333333333333,0.245125,0.030115270105368856,trivial,False,0.34603028890754356,0.3495376098797992
1957,2367;210;1569,0.1781111111111111,0.25395833333333334,0.03007472296906713,trivial,False,0.34751999673886064,0.35706879126654406
453,448;6264;6223,0.0785555555555555,0.42179166666666673,0.03005663468581899,trivial,False,0.20283821862836207,0.21940672768050112
2449,482;5405;6242,0.10344444444444444,0.37762500000000004,0.029998470817043262,trivial,False,0.2400960558408983,0.25615436370766875
54,277;448;66,0.03888888888888887,0.40191666666666664,0.029989924139020924,trivial,False,0.19205948001572337,0.21007703662203764
724,3900;5120;63,0.07077777777777773,0.5719583333333335,0.02998805063553416,trivial,False,0.05764632870804612,0.07058403197678845
4397,585;1205;991,0.028,0.9959583333333334,0.029939865671272756,topological,False,0.07398947197011052,0.47125144569404853
1727,728;298;212,0.04199999999999996,0.9385416666666666,0.02978450096741952,topological,False,0.07912984491211707,0.40205682115874947
1266,5070;4199;4992,0.05911111111111106,0.6691250000000001,0.029754367014147562,topological,False,0.0551160388102967,0.11186223397568995
61,654;489;505,0.04122222222222217,0.17445833333333335,0.029513249662764016,trivial,False,0.3169827487267571,0.3214416298794473
183,650;545;441,0.027222222222222165,0.284875,0.029192392298822152,trivial,False,0.2567504455926043,0.27205508350571017
82,60;1134;124,0.2768888888888889,0.4262083333333333,0.02844543097882724,trivial,False,0.20874923832222453,0.22711933609701884
454,6264;448;57,0.07311111111111107,0.38866666666666666,0.028224440400981644,trivial,False,0.21341219622242155,0.22938538100683334
946,459;6254;6213,0.1345555555555555,0.19433333333333333,0.028109667605654438,trivial,False,0.36440254531484256,0.362740371660189
377,2449;443;2400,0.17422222222222217,0.38645833333333335,0.02809680170665184,trivial,False,0.26155114195520535,0.28057842169711555
762,588;2486;75,0.1812222222222222,0.5785833333333334,0.02809121581380253,trivial,False,0.030402919808599833,0.03906295217905281
763,2486;2511;75,0.18200000000000002,0.5476666666666667,0.02808235177322825,trivial,False,0.0758103051836377,0.08973757658002582
608,2190;4971;2985,0.17111111111111107,0.7044583333333335,0.027876595464525294,topological,False,0.0025176291295930593,0.16027160705702423
3382,2460;5893;1732,0.2597777777777778,0.6647083333333335,0.02787659546452505,topological,False,0.004081673279832171,0.07852602593017088
3361,5818;3813;1092,0.22011111111111106,0.6779583333333333,0.02787659546452505,topological,False,0.0019791527777134545,0.10515477562456327
1599,7088;4811;1320,0.3367777777777778,0.6249583333333333,0.027876595464524978,topological,False,0.00497835044963382,0.03730691871186176
1830,6524;7365;2933,0.20377777777777775,0.6845833333333333,0.027876595464524957,topological,False,0.00016376781426613444,0.12076654265051104
3319,4636;5881;1203,0.30644444444444446,0.6448333333333335,0.027876595464524808,topological,False,0.0025586979547054132,0.05527388031187924
4941,2586;6926;550,0.29244444444444445,0.6514583333333334,0.027876595464524808,topological,False,0.004737246172878397,0.06141680942504266
5495,6381;6300;6812,0.27844444444444444,0.6580833333333335,0.02787659546452476,topological,False,0.002025367209052305,0.06962222072703445
1116,4067;3477;7303,0.18977777777777774,0.6912083333333334,0.027876595464524707,topological,False,0.004268090171828391,0.1353716531764533
2422,1173;4479;4591,0.24111111111111114,0.6713333333333334,0.02787659546452438,topological,False,0.0007948827632122827,0.09061540110299743
2732,2190;915;7303,0.1804444444444444,0.6978333333333334,0.02787659546452438,topological,False,0.0025176291295930593,0.14855790781216757
493,1320;6717;7286,0.3461111111111111,0.6183333333333334,0.027876595464524277,topological,False,0.0007553498018528549,0.032725188930289
3332,4043;2075;6946,0.3181111111111112,0.6382083333333335,0.02787659546452427,topological,False,0.00244463988550203,0.0492979639265865
2456,6823;7088;2075,0.3274444444444444,0.6315833333333334,0.02787659546452427,topological,False,0.005781874493675008,0.04283987505947226
1593,482;6185;229,0.11899999999999995,0.3400833333333333,0.027856007150866235,trivial,False,0.26595668099516273,0.28188318861618655
271,860;232;214,0.06377777777777772,0.8369583333333334,0.027182914881577997,topological,False,0.10008966729290125,0.26720409294063185
3579,1141;894;832,0.013999999999999966,0.7442083333333334,0.027171577905367894,topological,False,0.09266958739166797,0.17704460389916696
755,244;1617;467,0.14544444444444443,0.37762500000000004,0.027113309719568823,trivial,False,0.24508315653568924,0.26350581853206095
1959,1623;210;132,0.18666666666666668,0.27825,0.027022299230030498,trivial,False,0.3413938822042375,0.3525283756045503
3534,585;728;908,0.04900000000000001,1.0025833333333336,0.026892658508459434,topological,False,0.08223658547438278,0.4460969739603531
764,2511;5360;75,0.19133333333333336,0.5454583333333334,0.026868226689329835,trivial,False,0.0758103051836377,0.08973757658002582
150,797;2802;539,0.0132222222222222,0.09937499999999999,0.02683467133926769,trivial,False,0.35506119838950395,0.3459686407208971
242,740;127;647,0.3056666666666666,0.48141666666666666,0.026753897445077033,trivial,False,0.16122709243633104,0.17729914334090616
756,1617;2542;467,0.15011111111111106,0.404125,0.026649027943188425,trivial,False,0.2440125403283874,0.2630589711027371
404,5096;7059;4035,0.5514444444444445,0.12145833333333333,0.026364561223882758,trivial,False,0.027178958886461595,0.1932153856185439
540,3696;2656;3046,0.08011111111111106,1.1218333333333337,0.026364561223882643,topological,False,0.020726105683926355,0.4918404196830595
531,7393;2758;5551,0.09411111111111108,0.9827083333333334,0.026364561223882643,topological,False,0.02464614450027529,0.4723621801334772
2431,5063;7337;2631,0.07311111111111107,1.1880833333333334,0.02636456122388259,topological,False,0.01832289779940172,0.4717716658165818
1085,2722;3588;5551,0.09177777777777778,1.0092083333333333,0.02636456122388226,topological,False,0.02188260878852389,0.5006720800712865
1435,4187;2791;5013,0.5537777777777778,0.08833333333333333,0.026364561223882185,trivial,False,0.037537289036485684,0.1998581801012657
298,1378;766;6139,0.5444444444444445,0.18108333333333335,0.026364561223882175,trivial,False,0.009153094085108851,0.17886986961040952
943,6173;241;281,0.08711111111111107,0.20979166666666668,0.026184482567229522,trivial,False,0.3244954467576953,0.3292581534795713
137,541;589;66,0.028777777777777767,0.44608333333333333,0.026087371968441218,trivial,False,0.14774983004265752,0.16442806949800626
770,145;970;1116,0.2823333333333333,0.3202083333333334,0.025978516127382504,trivial,False,0.3276298866124268,0.34363567594393
944,6236;6173;281,0.08866666666666663,0.18329166666666666,0.025972822361655917,trivial,False,0.3388171072059798,0.337953511906172
252,312;6183;6143,0.12911111111111107,0.2694166666666667,0.02591855502277047,trivial,False,0.32861946960729743,0.3364266561835687
751,1617;443;2449,0.16488888888888883,0.371,0.0259107167431969,trivial,False,0.26155114195520535,0.28057842169711555
3916,793;871;1201,0.33055555555555555,0.28929166666666667,0.02581302182254091,trivial,False,0.3515197970405044,0.36224893471575964
204,2582;2380;2445,0.16022222222222218,0.4924583333333333,0.02565086992439891,trivial,False,0.13689482415126714,0.1557728097865168
311,832;854;92,0.0233333333333333,0.6779583333333333,0.025531746164453625,topological,False,0.0582567349987058,0.11859614357900355
5635,1436;793;1201,0.33911111111111114,0.2804583333333333,0.025435028537112374,trivial,False,0.3515197970405044,0.36224893471575964
1725,728;1965;908,0.0552222222222222,0.99375,0.02530753061427634,topological,False,0.08310230137843407,0.4460969739603531
272,912;860;214,0.06688888888888887,0.8192916666666666,0.02527164775583185,topological,False,0.101032611726623,0.26720409294063185
1319,10;2486;588,0.17111111111111107,0.5785833333333334,0.02518882967704352,trivial,False,0.030402919808599833,0.03906295217905281
340,2802;2682;539,0.020999999999999967,0.08391666666666668,0.02505970456085039,trivial,False,0.35506119838950395,0.3459686407208971
1958,2164;210;2367,0.1851111111111111,0.22745833333333335,0.024939013009023348,trivial,False,0.38387511975996647,0.3886659404139116
452,6185;6128;229,0.11822222222222219,0.30916666666666665,0.024901706553759735,trivial,False,0.3012628257680337,0.31195866987650295
140,911;797;539,0.010111111111111067,0.1325,0.02485113402228193,trivial,False,0.34376859227919465,0.3393953458344434
209,2381;2544;2400,0.18355555555555556,0.43724999999999997,0.024835207011073487,trivial,False,0.203149243932086,0.22343922585438503
5634,724;1436;1201,0.336,0.25616666666666665,0.024551446605588546,trivial,False,0.37148069642715686,0.37937704440624315
2087,1071;1066;1011,0.30722222222222223,0.18108333333333335,0.02450869774387435,trivial,False,0.4347705556460681,0.4333438988712633
771,970;1073;1116,0.2916666666666667,0.3135833333333333,0.024497333762538574,trivial,False,0.3276298866124268,0.34363567594393
1195,854;6453;92,0.02799999999999997,0.6536666666666667,0.024477363458583153,topological,False,0.041647394921868225,0.0952118170295948
19,2906;4818;2700,0.022555555555555537,1.583375,0.024441200545887228,topological,False,0.023342654591377233,0.27821192598069766
1746,6982;7354;2812,0.10655555555555553,0.8744999999999999,0.024441200545886603,topological,False,0.025809968466774694,0.3478734385753808
750,2542;1617;2449,0.16022222222222215,0.4019166666666667,0.024417942065861387,trivial,False,0.2440125403283874,0.2630589711027371
1960,1569;210;1623,0.17733333333333334,0.28929166666666667,0.024372638331552333,trivial,False,0.3413938822042375,0.3525283756045503
2035,6434;5070;4992,0.0552222222222222,0.6580833333333334,0.02433758808590118,topological,False,0.05409642737811588,0.10916769984271249
3917,871;793;778,0.3336666666666667,0.3157916666666667,0.024253216330488808,trivial,False,0.3431177583168945,0.355229862561644
672,2182;203;254,0.20611111111111105,0.18770833333333334,0.02408284852930942,trivial,False,0.4117952269544479,0.40931933437102636
207,2488;2582;2445,0.1633333333333333,0.4659583333333333,0.02401740922632392,trivial,False,0.20705536835735894,0.22734245810241474
280,697;588;75,0.18899999999999997,0.5984583333333334,0.023969266088137438,trivial,False,0.030402919808599833,0.03906295217905281
736,709;966;631,0.252,0.2031666666666667,0.023969266088137407,trivial,False,0.43084439362169136,0.4306860761581274
2128,4100;3532;7411,0.4464444444444444,0.49025,0.023955859446024266,trivial,False,0.0017583576943887343,0.04931217964164086
37,3430;2882;6757,0.4301111111111111,0.51675,0.023955859446022264,trivial,False,0.00036188015076304855,0.03339875172546192
1139,3038;4165;5936,0.14077777777777778,0.7420000000000001,0.023955859446021896,topological,False,0.017348064691175998,0.20797096185524336
3890,5947;4459;5504,0.4627777777777778,0.457125,0.02395585944602162,trivial,False,0.00832855266971745,0.0707678825908591
705,321;912;214,0.0653333333333333,0.7927916666666667,0.023923308401403158,topological,False,0.1043238582971959,0.23662015348828017
134,798;541;273,0.03266666666666663,0.5145416666666667,0.023819033153767336,trivial,False,0.09727396103865363,0.11063340025869708
514,562;212;232,0.061444444444444406,0.88775,0.02377198094211933,topological,False,0.09543395652580322,0.34998640862140296
386,987;127;1134,0.3033333333333333,0.41958333333333336,0.02376869296376142,trivial,False,0.2279394665054773,0.24537847033711133
203,2380;2391;2445,0.15166666666666662,0.5079166666666667,0.023655677635152302,trivial,False,0.13689482415126714,0.1557728097865168
942,241;6173;6246,0.09488888888888884,0.22525000000000003,0.02364972150921145,trivial,False,0.3244954467576953,0.3292581534795713
759,2486;2380;2582,0.16566666666666666,0.5189583333333333,0.023648134514149207,trivial,False,0.13017253354502964,0.14864215268110584
1095,298;1132;212,0.033444444444444395,0.920875,0.023622108157606153,topological,False,0.07912984491211707,0.3894762081354445
3846,436;1349;1221,0.3663333333333334,0.10158333333333332,0.02357044863213501,trivial,False,0.4688132707852551,0.4469642685965522
335,459;6213;5668,0.1446666666666666,0.17004166666666665,0.023476297952823497,trivial,False,0.38975755402669116,0.3810995868700193
16,626;4023;847,0.011666666666666633,1.6187083333333339,0.023470496572061676,topological,False,0.022988042515000997,0.2632038970095175
1300,709;1054;966,0.25666666666666665,0.20758333333333334,0.023470496572056535,trivial,False,0.43084439362169136,0.4306860761581274
3160,1336;1311;530,0.3671111111111111,0.20758333333333331,0.02345866572507087,trivial,False,0.39170172094114303,0.39290808330120075
515,212;562;222,0.061444444444444406,0.9054166666666666,0.023434637005811183,topological,False,0.0924728427502636,0.3654035319079959
191,246;369;870,0.006222222222222201,0.19433333333333333,0.023421847045082062,trivial,False,0.3089831716507762,0.3154720890850999
768,962;970;145,0.28,0.28929166666666667,0.02340800541612936,trivial,False,0.3620462797208746,0.3751574541965965
5035,6225;5405;482,0.11199999999999997,0.39970833333333333,0.023311360214653656,trivial,False,0.2400960558408983,0.25615436370766875
192,369;246;328,0.008555555555555533,0.19874999999999998,0.02322787454157705,trivial,False,0.3089831716507762,0.3154720890850999
679,2338;459;5668,0.15244444444444438,0.16120833333333334,0.023227874541576505,trivial,False,0.3929226193996128,0.38811554641251783
4776,450;436;1221,0.3686666666666667,0.12366666666666666,0.023215598598708285,trivial,False,0.4564059129403178,0.4401512439533422
184,545;650;696,0.023333333333333303,0.30254166666666665,0.023131513523944092,trivial,False,0.2567504455926043,0.27205508350571017
649,1344;708;523,0.0007777777777777667,0.7287500000000001,0.02309386131302394,topological,False,0.09317654559739143,0.17518234368810037
2088,1066;996;1011,0.301,0.16120833333333334,0.02297256253277747,trivial,False,0.4536288456748987,0.44778860916797886
339,2682;518;539,0.02799999999999997,0.09275,0.022944373877761742,trivial,False,0.35506119838950395,0.3459686407208971
1322,2581;2381;3534,0.19444444444444442,0.510125,0.022805107765003652,trivial,False,0.1507364025086879,0.16930153904963535
446,356;6183;312,0.13377777777777775,0.2870833333333333,0.022799393407310072,trivial,False,0.3271699755653986,0.33637717792806177
574,1028;1174;813,0.016333333333333335,0.8259166666666667,0.022799196505255966,topological,False,0.08540716520901867,0.2879149878308731
59,88;489;441,0.03733333333333327,0.24291666666666667,0.022774559309195277,trivial,False,0.29510367387731173,0.3046499795059546
131,6262;5499;273,0.03733333333333327,0.5498750000000001,0.022765563375709796,trivial,False,0.07411971755471317,0.08430543353272246
2447,179;244;467,0.13455555555555557,0.38645833333333335,0.022735947642596965,trivial,False,0.24508315653568924,0.26350581853206095
5633,1436;724;733,0.34144444444444444,0.25616666666666665,0.022707756284836043,trivial,False,0.37148069642715686,0.37937704440624315
931,6242;6264;57,0.08399999999999996,0.3665833333333333,0.02269582954814326,trivial,False,0.23503859879734604,0.2508064633693928
132,5499;798;273,0.031888888888888835,0.5388333333333334,0.022691493523345062,trivial,False,0.08719450052802594,0.09918807373799288
2025,498;756;304,0.07466666666666665,0.735375,0.022664885741264674,topological,False,0.09026242142910271,0.15956737874221122
1306,934;668;691,0.22166666666666665,0.14133333333333334,0.022622017747486775,trivial,False,0.4488358887171928,0.4390897145504582
2086,896;1066;1071,0.3033333333333333,0.20979166666666668,0.022615593088716284,trivial,False,0.4242040462332701,0.4262484284114808
4398,1205;585;8,0.030333333333333334,1.0180416666666667,0.02260958817411107,topological,False,0.07398947197011052,0.48534772331642073
51,589;678;964,0.018666666666666634,0.4482916666666667,0.022586576902646475,trivial,False,0.13992187710352344,0.15699342320030285
2026,756;321;304,0.0723333333333333,0.7574583333333335,0.022533665041175,topological,False,0.11337411901373089,0.2142529693454681
244,5492;4975;265,0.245,0.5035,0.02251021384144633,trivial,False,0.1566338893914866,0.17387543248463813
50,678;589;929,0.021777777777777767,0.47037500000000004,0.022489461683418664,trivial,False,0.13992187710352344,0.15699342320030285
257,241;362;281,0.0824444444444444,0.22966666666666666,0.022424971387957727,trivial,False,0.31969886258694724,0.3253715471905531
210,2544;2381;2582,0.17888888888888888,0.4615416666666667,0.02240303089029423,trivial,False,0.203149243932086,0.22343922585438503
219,1071;1011;1178,0.31888888888888883,0.18108333333333335,0.022344975612409685,trivial,False,0.4347705556460681,0.4333438988712633
1344,4976;1542;4667,0.41844444444444445,0.44387499999999996,0.022299416693413555,trivial,False,0.07890180505141879,0.1065965455229973
3057,1336;530;580,0.36400000000000005,0.23187500000000003,0.022275592640114004,trivial,False,0.39170172094114303,0.39290808330120075
766,1011;1317;1178,0.3227777777777778,0.165625,0.022215899138210635,trivial,False,0.4489528492594149,0.44270919843673306
2942,1150;1013;1011,0.32122222222222224,0.13029166666666667,0.022159482881253738,trivial,False,0.47082556601921,0.4568056477468917
1345,4976;348;1542,0.41533333333333333,0.4659583333333333,0.022143715868754233,trivial,False,0.07589274389467084,0.10047832889321481
100,212;222;876,0.058333333333333265,0.9230833333333334,0.022134284726889348,topological,False,0.0924728427502636,0.40205682115874947
381,1569;1559;312,0.1532222222222222,0.29370833333333335,0.022117612822676894,trivial,False,0.33175002154983746,0.3417411193411553
3159,530;1311;1664,0.37566666666666665,0.21199999999999997,0.0220029989820636,trivial,False,0.39170172094114303,0.39290808330120075
4637,3047;1095;1131,0.2893333333333334,0.07066666666666667,0.02192423072308759,trivial,False,0.4942760865978479,0.4720784068053826
4775,436;450;1262,0.36166666666666664,0.13912500000000003,0.02190278658267571,trivial,False,0.45498042013516715,0.4401512439533422
1043,1965;1204;908,0.0552222222222222,1.0158333333333334,0.021832915652433685,topological,False,0.08301136621372679,0.4964159151054916
239,740;376;124,0.28155555555555556,0.496875,0.021777367177795548,trivial,False,0.16122709243633104,0.17729914334090616
158,3806;2226;3825,0.09566666666666664,0.5587083333333335,0.0217497138331649,trivial,False,0.0694838953420677,0.08460172474284788
90,362;6207;412,0.08399999999999996,0.284875,0.021729651136947744,trivial,False,0.28336467084914446,0.2948299339612298
1802,559;551;1264,0.019444444444444434,1.1704166666666667,0.021684327551713248,topological,False,0.049697254581467995,0.46853811195777856
2941,1013;1317;1011,0.3243333333333333,0.15237499999999998,0.021658592352866844,trivial,False,0.46079250564854946,0.4508074920516555
147,6213;5651;5668,0.14311111111111108,0.14575,0.02152999184533736,trivial,False,0.38975755402669116,0.3810995868700193
723,63;5120;5131,0.06611111111111106,0.5741666666666667,0.02151457772800011,trivial,False,0.05764632870804612,0.07058403197678845
146,5651;6213;6283,0.13766666666666663,0.1413333333333333,0.02144237868899383,trivial,False,0.38975755402669116,0.3810995868700193
75,1017;145;1116,0.2768888888888889,0.34670833333333334,0.021364275472098574,trivial,False,0.32297858118492556,0.33963507998827314
4641,1095;3059;3248,0.301,0.05079166666666666,0.021362393904548044,trivial,False,0.5162587401773534,0.48197981740341617
1305,668;934;944,0.2302222222222222,0.14354166666666668,0.02132969393674269,trivial,False,0.4488358887171928,0.4397320146418745
149,930;2802;797,0.004666666666666667,0.08170833333333333,0.021311903079867744,trivial,False,0.36792813989717477,0.3513167611599121
933,6185;6242;6158,0.09644444444444444,0.3268333333333333,0.02129879591429716,trivial,False,0.27321830963266136,0.2865085799134426
240,376;740;528,0.2846666666666666,0.51675,0.021291832922079007,trivial,False,0.13031629278794027,0.1451687418039764
83,1134;60;1017,0.2768888888888889,0.38866666666666666,0.021194895335113123,trivial,False,0.28376996590940656,0.3017309027018227
39,678;1169;964,0.010111111111111067,0.4615416666666667,0.021056466470570794,trivial,False,0.13992187710352344,0.15699342320030285
760,2511;2486;2582,0.1742222222222222,0.5123333333333333,0.02100461322206191,trivial,False,0.13017253354502964,0.14864215268110584
1336,871;765;1201,0.32122222222222224,0.271625,0.021001373284276786,trivial,False,0.35980027297953937,0.3712322521846469
758,306;2511;2582,0.17888888888888888,0.4990833333333334,0.02090408305327625,trivial,False,0.16505210104015647,0.18461711558687885
934,6242;412;6158,0.08555555555555554,0.324625,0.020855440548553445,trivial,False,0.27321830963266136,0.2865085799134426
935,6242;90;412,0.07777777777777777,0.324625,0.020855440548553445,trivial,False,0.27111908659449535,0.2840001786885424
3424,5400;6244;6223,0.09722222222222217,0.45933333333333337,0.020854958718903693,trivial,False,0.17700406262761856,0.19498813015136304
2446,179;482;229,0.12599999999999997,0.36437499999999995,0.020852851739679764,trivial,False,0.26595668099516273,0.28188318861618655
45,63;6262;273,0.048222222222222166,0.5498750000000001,0.0208470079155868,trivial,False,0.07411971755471317,0.08430543353272246
1328,996;1124;1131,0.28777777777777785,0.13470833333333332,0.02078492021923795,trivial,False,0.4722719749925112,0.4599869824482236
321,592;911;539,0.0186666666666666,0.14795833333333333,0.02074300609307537,trivial,False,0.34376859227919465,0.3393953458344434
3825,1218;1150;3248,0.31577777777777777,0.07508333333333334,0.020677015693091702,trivial,False,0.49656791687905455,0.4728482137140194
3847,1349;436;1268,0.35700000000000004,0.09275,0.020599830142053698,trivial,False,0.47845118325916053,0.4585327088152298
135,589;541;929,0.025666666666666667,0.4681666666666667,0.020577732804165742,trivial,False,0.14049348855305807,0.15741082708289172
767,1073;409;1116,0.29477777777777775,0.33125,0.020501987715915337,trivial,False,0.3276298866124268,0.34363567594393
1747,7354;5157;2812,0.1073333333333333,0.8656666666666667,0.020495200235439257,topological,False,0.025809968466774694,0.3478734385753808
228,6999;7373;6384,0.5296666666666667,0.26279166666666665,0.020495200235439104,trivial,False,0.0014190807777142822,0.15174314655048157
365,650;606;828,0.018666666666666634,0.3489166666666667,0.020449050468666477,trivial,False,0.2231069857706804,0.24078870445086836
443,376;582;5492,0.2644444444444444,0.5255833333333334,0.020410541978163985,trivial,False,0.11716866469393804,0.13166381112308878
218,440;962;145,0.2698888888888889,0.284875,0.02038176130480516,trivial,False,0.3620462797208746,0.3751574541965965
2159,348;320;1542,0.4083333333333334,0.4681666666666667,0.02038102076574385,trivial,False,0.07589274389467084,0.10047832889321481
1050,551;760;1264,0.0272222222222222,1.1615833333333334,0.02033624914664789,topological,False,0.06148419046126036,0.46853811195777856
4247,909;5699;1264,0.018666666666666668,1.2145833333333333,0.020166821670818028,topological,False,0.046669632142103144,0.4519830772504203
2940,1013;1150;1177,0.32899999999999996,0.11041666666666666,0.02013426708937431,trivial,False,0.47082556601921,0.4568056477468917
703,321;7268;912,0.07699999999999997,0.7817500000000002,0.020120026745682265,topological,False,0.1043238582971959,0.22985155349126263
3428,5405;5341;6242,0.09488888888888887,0.38425,0.02005882033427038,trivial,False,0.23890976857101404,0.2548738214847138
4248,5699;559;1264,0.014777777777777766,1.1969166666666666,0.020053991634735174,topological,False,0.046669632142103144,0.46315356643897826
932,90;6242;57,0.07777777777777777,0.3400833333333333,0.02005399163473514,trivial,False,0.25762601577886346,0.27171704282276177
87,412;6207;6158,0.0863333333333333,0.30916666666666665,0.02000712169535989,trivial,False,0.28336467084914446,0.2948299339612298
2935,289;440;600,0.2698888888888889,0.24291666666666667,0.019979016976892482,trivial,False,0.3962071712712841,0.4040322587568925
325,592;654;505,0.03422222222222216,0.152375,0.019916518501076896,trivial,False,0.3349022770234647,0.3337984347540358
4291,5387;6244;5400,0.1034444444444444,0.457125,0.019898001100206113,trivial,False,0.17700406262761856,0.19498813015136304
2936,289;962;440,0.2737777777777778,0.258375,0.019852719142219546,trivial,False,0.3962071712712841,0.4040322587568925
363,828;606;808,0.0163333333333333,0.371,0.019757873166122236,trivial,False,0.214016952156424,0.23209330954792307
380,1559;1569;1479,0.15788888888888886,0.30916666666666665,0.019704450716647087,trivial,False,0.32560801734556294,0.33782264780715665
752,1489;1617;244,0.14855555555555552,0.3467083333333334,0.01970445071664695,trivial,False,0.29707496603382383,0.3112115794803768
1803,559;1620;551,0.012444444444444433,1.1505416666666666,0.01968528441667471,topological,False,0.049697254581467995,0.47218233576125285
88,6140;6207;6246,0.09877777777777774,0.2738333333333333,0.01959891271545715,trivial,False,0.30060529905488736,0.31050634700366275
3158,1311;1336;1262,0.36088888888888887,0.18108333333333335,0.019547728776545772,trivial,False,0.42257130592649145,0.42025137040884003
702,7268;532;912,0.08399999999999996,0.7905833333333335,0.019535002651437143,topological,False,0.10050275998087435,0.22985155349126263
1240,43;203;2182,0.19677777777777772,0.178875,0.019529708833121953,trivial,False,0.4117952269544479,0.40931933437102636
2023,5509;756;498,0.08399999999999996,0.7309583333333333,0.019528498886550474,topological,False,0.09026242142910271,0.15956737874221122
235,3507;89;265,0.23255555555555554,0.5057083333333333,0.019489733634883693,trivial,False,0.15885732379525314,0.17682956936515823
3856,1072;1580;1610,0.33055555555555555,0.4328333333333334,0.01946433173834467,trivial,False,0.2068610974647422,0.2232388798406927
2916,2022;85;160,0.20611111111111113,0.10379166666666667,0.019388047247356984,trivial,False,0.4549687146890063,0.4373327828523456
6276,937;2339;1062,0.2535555555555556,0.10158333333333332,0.019388047247356984,trivial,False,0.4825647557989297,0.4612955800272663
6275,2339;937;830,0.24811111111111114,0.08833333333333333,0.01938804724735698,trivial,False,0.4825647557989297,0.4612955800272663
133,541;798;929,0.0241111111111111,0.5057083333333333,0.01933209272880104,trivial,False,0.09727396103865363,0.11063340025869708
4693,869;1524;1543,0.3601111111111111,0.3555416666666667,0.01927855702923516,trivial,False,0.27969423950679867,0.2942956897794098
2915,85;691;160,0.20922222222222223,0.12366666666666666,0.01927855702923514,trivial,False,0.4538203491144312,0.4373327828523456
2914,85;934;691,0.21777777777777776,0.11483333333333333,0.019278557029235137,trivial,False,0.4538203491144312,0.4390897145504582
465,5467;6140;6246,0.10499999999999997,0.25175,0.0192656035005284,trivial,False,0.3174035466961802,0.32555754509941615
1038,1574;326;551,0.018666666666666634,1.09975,0.019265603500528392,topological,False,0.0576592339619661,0.4858710056401562
3908,1524;786;1543,0.35855555555555557,0.3356666666666667,0.019231251612352774,trivial,False,0.28637647426898494,0.3001644743231452
3907,786;851;1543,0.3647777777777778,0.337875,0.019188984353844463,trivial,False,0.28637647426898494,0.3001644743231452
1315,573;2289;2347,0.17888888888888888,0.13249999999999998,0.019182963222646468,trivial,False,0.4260748246398975,0.41376970631479604
320,911;592;246,0.012444444444444402,0.16341666666666668,0.01917445337670659,trivial,False,0.3349022770234647,0.3337984347540358
2445,244;179;229,0.13144444444444445,0.35333333333333333,0.019130214134963967,trivial,False,0.2683669882535958,0.28443701935951526
3427,6242;5341;6264,0.09177777777777774,0.38425,0.019111001665538654,trivial,False,0.23503859879734604,0.2508064633693928
706,236;321;214,0.0575555555555555,0.7795416666666667,0.019098291020516737,topological,False,0.11037836371545728,0.23662015348828017
460,2391;2263;2445,0.1454444444444444,0.49245833333333344,0.019097317051524954,trivial,False,0.15149514686403645,0.17078850496083867
319,246;592;328,0.013999999999999966,0.17225000000000001,0.019039893801500143,trivial,False,0.3318072812249971,0.33175775306192945
4636,1170;3047;1131,0.28544444444444445,0.07287500000000001,0.019027795440315954,trivial,False,0.4942760865978479,0.4720784068053826
1261,4199;498;304,0.0684444444444444,0.7132916666666667,0.019014574851154473,topological,False,0.0798697932517956,0.14512883815929334
1314,3151;573;2347,0.1742222222222222,0.11925000000000001,0.01898919820825594,trivial,False,0.4260748246398975,0.41376970631479604
1334,1111;987;1134,0.3025555555555555,0.3975,0.018912986596893135,trivial,False,0.27779671568254904,0.2949958463064027
3157,1664;1311;1300,0.3795555555555555,0.19433333333333333,0.01885451933901225,trivial,False,0.3982965871778149,0.3974554941173947
326,654;592;539,0.031888888888888835,0.13691666666666666,0.018853524458767906,trivial,False,0.34670942202191957,0.3411899207062497
178,489;594;513,0.0342222222222222,0.212,0.018853524458767822,trivial,False,0.3123737307734934,0.3180115660055995
360,606;277;66,0.027999999999999966,0.39087500000000003,0.0188191328838768,trivial,False,0.19205948001572337,0.21007703662203764
364,606;650;277,0.025666666666666633,0.35775,0.018819132883876787,trivial,False,0.2231069857706804,0.24078870445086836
739,691;668;254,0.2193333333333333,0.17004166666666665,0.01881823396984064,trivial,False,0.43459249236658015,0.42907463918674627
4401,1205;384;1514,0.0171111111111111,1.013625,0.018801406706885727,topological,False,0.06479871713537298,0.48534772331642073
3845,584;896;970,0.2932222222222222,0.24733333333333332,0.01878511020770495,trivial,False,0.38691731864538004,0.3962470500051368
669,3136;3151;2347,0.1703333333333333,0.12366666666666666,0.018776542242901494,trivial,False,0.4260748246398975,0.41376970631479604
4648,1012;1349;1268,0.36166666666666664,0.07508333333333334,0.01877329436806387,trivial,False,0.49207960045140436,0.46155428523415687
44,518;654;539,0.03499999999999997,0.11483333333333333,0.018759248702561068,trivial,False,0.35506119838950395,0.3459686407208971
2090,970;721;1143,0.301,0.2672083333333333,0.018759248702561016,trivial,False,0.38691731864538004,0.3962470500051368
63,489;513;505,0.035777777777777735,0.1965416666666667,0.018717843876777038,trivial,False,0.3169827487267571,0.3214416298794473
1219,5409;6172;5472,0.10499999999999998,0.16120833333333331,0.018682035516771455,trivial,False,0.3622773046311621,0.3577154967945547
276,2210;7270;2762,0.08711111111111107,1.0533750000000002,0.01868192757384536,topological,False,0.021098526184426095,0.5041130852822593
3844,584;970;962,0.287,0.25837499999999997,0.0186783943698826,trivial,False,0.38691731864538004,0.3962470500051368
258,6207;241;6246,0.0925555555555555,0.26058333333333333,0.018677537037278282,trivial,False,0.30060529905488736,0.31050634700366275
2093,721;896;1071,0.3056666666666667,0.22745833333333332,0.01866009797815264,trivial,False,0.4194988163800204,0.4225039974170169
2943,1013;1177;1099,0.3367777777777778,0.11483333333333334,0.01859393746163817,trivial,False,0.47082556601921,0.4568056477468917
64,943;828;808,0.0101111111111111,0.3798333333333333,0.018567653345712497,trivial,False,0.2049372084381442,0.2232124788696339
